[
  {
    "model": "home.homepage",
    "pk": 3,
    "fields": {
      "body": "[{\"type\": \"AboutSection\", \"value\": {\"MissionVisionImage\": 8, \"FoundingPartner\": {\"full_names\": \"Dr. Myles Takang\", \"partnership_type\": \"Co-Founding Partner\", \"background\": \"<p data-block-key=\\\"06d9x\\\"></p><p data-block-key=\\\"c3bbi\\\">Lorem Ipsum dolor sit amet, consectetur adipsicing kengan omeg kohm tokito Professional charity theme based</p><p data-block-key=\\\"db9fp\\\">You are not allowed to redistribute this template ZIP file on any other template collection website. Please contact TemplateMo for more information.</p>\", \"photo\": 9, \"twitter\": \"http://127.0.0.1:8000/twitter\", \"facebook\": \"http://127.0.0.1:8000/facebook\", \"instagram\": \"http://127.0.0.1:8000/instagram\"}, \"Adblock\": {\"statement\": \"<p data-block-key=\\\"l8vdh\\\">Make an impact.<br/>Save lives.</p>\", \"donation_link\": {\"button_page\": 27, \"button_url\": \"\"}, \"volunteer_button\": 3}}, \"id\": \"a674f44e-b310-472f-847d-8426a272bb94\"}]"
    }
  },
  {
    "model": "flex.flexpage",
    "pk": 15,
    "fields": {}
  },
  {
    "model": "flex.flexpage",
    "pk": 16,
    "fields": {}
  },
  {
    "model": "flex.flexpage",
    "pk": 17,
    "fields": {}
  },
  {
    "model": "flex.flexpage",
    "pk": 18,
    "fields": {}
  },
  {
    "model": "flex.flexpage",
    "pk": 19,
    "fields": {}
  },
  {
    "model": "flex.flexpage",
    "pk": 21,
    "fields": {}
  },
  {
    "model": "flex.flexpage",
    "pk": 22,
    "fields": {}
  },
  {
    "model": "flex.flexpage",
    "pk": 23,
    "fields": {}
  },
  {
    "model": "flex.flexpage",
    "pk": 24,
    "fields": {}
  },
  {
    "model": "flex.flexpage",
    "pk": 25,
    "fields": {}
  },
  {
    "model": "flex.flexpage",
    "pk": 26,
    "fields": {}
  },
  {
    "model": "flex.flexpage",
    "pk": 27,
    "fields": {}
  },
  {
    "model": "configuration.organisationsetup",
    "pk": 1,
    "fields": {
      "site": 2,
      "name": "Agape Partners Network",
      "abbreviation": "A P N",
      "mission": "To grow a network of believers worldwide partnering with one another to spread the gospel of salvation through the sharing of God’s love by reaching out to individuals, families, ministries and communities in need.",
      "vision": "Advancing the kingdom of God by reaching out to those in need with the love of God.",
      "slogan": "Sharing love with a world in need",
      "address": "Akershusstranda 20, 0150 Oslo, Norway",
      "phone": "120-240-9600",
      "email": "donate@charity.org",
      "facebook": "http://127.0.0.1:8000/facebook",
      "twitter": "http://127.0.0.1:8000/twitter",
      "youtube": "http://127.0.0.1:8000/youtube",
      "instagram": "http://127.0.0.1:8000/insta",
      "linkedin": "http://127.0.0.1:8000/linked",
      "whatsapp": "http://127.0.0.1:8000/whatsapp"
    }
  },
  {
    "model": "content.homepagecarousel",
    "pk": 1,
    "fields": {
      "sort_order": 0,
      "page": 3,
      "title": "be a Kind Heart",
      "sub_title": "Professional charity theme based on Bootstrap 5.2.2",
      "image": 2
    }
  },
  {
    "model": "content.homepagecarousel",
    "pk": 2,
    "fields": {
      "sort_order": 1,
      "page": 3,
      "title": "Non-profit",
      "sub_title": "You can support us to grow more",
      "image": 3
    }
  },
  {
    "model": "content.homepagecarousel",
    "pk": 3,
    "fields": {
      "sort_order": 2,
      "page": 3,
      "title": "Humanity",
      "sub_title": "Please tell your friends about our website",
      "image": 1
    }
  },
  {
    "model": "content.testimonial",
    "pk": 1,
    "fields": {
      "sort_order": 0,
      "page": 3,
      "testifiers_quote": "Lorem Ipsum dolor sit amet, consectetur adipsicing kengan omeg kohm tokito charity theme",
      "testifiers_name": "Maria",
      "testifiers_title": "Boss",
      "testifiers_photo": 4
    }
  },
  {
    "model": "content.testimonial",
    "pk": 2,
    "fields": {
      "sort_order": 1,
      "page": 3,
      "testifiers_quote": "Sed leo nisl, posuere at molestie ac, suscipit auctor mauris quis metus tempor orci",
      "testifiers_name": "Thomas",
      "testifiers_title": "Partner",
      "testifiers_photo": 5
    }
  },
  {
    "model": "content.testimonial",
    "pk": 3,
    "fields": {
      "sort_order": 2,
      "page": 3,
      "testifiers_quote": "Lorem Ipsum dolor sit amet, consectetur adipsicing kengan omeg kohm tokito charity theme",
      "testifiers_name": "Jane",
      "testifiers_title": "Advisor",
      "testifiers_photo": 6
    }
  },
  {
    "model": "content.testimonial",
    "pk": 4,
    "fields": {
      "sort_order": 3,
      "page": 3,
      "testifiers_quote": "Sed leo nisl, posuere at molestie ac, suscipit auctor mauris quis metus tempor orci",
      "testifiers_name": "Bob",
      "testifiers_title": "Entreprenuer",
      "testifiers_photo": 7
    }
  },
  {
    "model": "newsletter.subscriber",
    "pk": 1,
    "fields": {
      "full_name": "Agape Partners Network",
      "email": "donate@charity.org",
      "ident": "123",
      "validated": false,
      "token": null
    }
  },
  {
    "model": "newsletter.newsletterindex",
    "pk": 28,
    "fields": {
      "intro_text": "<p data-block-key=\"f34eg\">Some very helpful intro text here</p>",
      "subscription_from_email": "jhiggs@yopmail.com",
      "subscribe_heading": "Subscribe to our newsletter",
      "subscribe_text": "<p data-block-key=\"1i1av\">Please enter your name and email-address to subscribe to our newsletter</p>",
      "subscribe_success_heading": "Thank you",
      "subscribe_success_text": "<p data-block-key=\"igncw\">Thank you for subscribing. Please validate your email. A verification email has been sent to your email address.</p>",
      "subscribe_fail_heading": "We're sorry",
      "subscribe_fail_text": "<p data-block-key=\"u4v4y\">The email you entered may be already registered. Please Contact us to resolve the issue.</p>",
      "unsubscribe_heading": "Unsubscribe to our newsletter",
      "unsubscribe_text": "<p data-block-key=\"o5m94\">Please enter your name and email-address to subscribe to our newsletter.</p>",
      "unsubscribe_success_heading": "It's a sad day. :(",
      "unsubscribe_success_text": "<p data-block-key=\"86tif\">You have successfully unsubscribed from our mailing list. We hope to see you again in the future</p>",
      "validate_success_heading": "Thank you.",
      "validate_success_text": "<p data-block-key=\"rece0\">Your email has been validated. You are now officially subscribed to our newsletter.</p>",
      "validate_fail_heading": "Sorry, something went wrong.",
      "validate_fail_text": "<p data-block-key=\"zje82\">Your email could not be validated. Please contact us to solve this problem.</p>"
    }
  },
  {
    "model": "newsletter.newsletter",
    "pk": 29,
    "fields": {
      "author": "John Higgs",
      "date": "2023-05-01",
      "email_text": "<p data-block-key=\"aw9v5\">This is a newsletter.</p>",
      "teaser": "<p>This is a teaser text for a newsletter</p>",
      "body": "[{\"type\": \"content\", \"value\": {\"heading\": \"Clothing donation to urban area\", \"sub_heading\": \"\", \"text_content\": \"<h4 data-block-key=\\\"gx2yh\\\">Donations</h4><p data-block-key=\\\"a7t60\\\">Lorem ipsum dolor sit amet, consectetur adipiscing elit, sed do eiusmod tempor incididunt ut labore et dolore magna aliqua. Ut enim ad minim veniam, quis nostrud exercitation ullamco laboris nisi ut aliquip ex ea commodo consequat.</p><p data-block-key=\\\"ep2p3\\\">Lorem ipsum dolor sit amet, consectetur adipiscing elit, sed do eiusmod tempor incididunt ut labore et dolore magna aliqua. Porttitor massa id neque aliquam. Donec adipiscing tristique risus nec feugiat in fermentum posuere. Nunc sed velit dignissim sodales ut eu sem integer. Ac odio tempor orci dapibus ultrices. Euismod nisi porta lorem mollis aliquam. Suscipit adipiscing bibendum est ultricies. Dignissim diam quis enim lobortis scelerisque fermentum dui. Vitae auctor eu augue ut. Sed egestas egestas fringilla phasellus faucibus scelerisque eleifend donec pretium. Sed egestas egestas fringilla phasellus faucibus scelerisque eleifend. Nec feugiat nisl pretium fusce id velit ut. Et netus et malesuada fames ac turpis egestas sed.</p><p data-block-key=\\\"4kkpa\\\">Volutpat lacus laoreet non curabitur gravida arcu ac tortor dignissim.</p><ul><li data-block-key=\\\"9j953\\\">Vel pharetra vel turpis nunc eget lorem dolor. Non quam lacus suspendisse faucibus interdum posuere lorem ipsum.</li><li data-block-key=\\\"3n47i\\\">Mauris augue neque gravida in fermentum. Aliquam purus sit amet luctus venenatis lectus magna fringilla urna.</li><li data-block-key=\\\"d3pfo\\\">Ultricies mi quis hendrerit dolor magna eget est lorem ipsum. Nunc sed augue lacus viverra. Eu sem integer vitae justo.</li><li data-block-key=\\\"35it1\\\">Enim ut tellus elementum sagittis. Ac tortor vitae purus faucibus ornare suspendisse sed nisi lacus. Et odio pellentesque diam volutpat. Eget egestas purus viverra accumsan in.</li></ul><h3 data-block-key=\\\"f3grf\\\">Clothing</h3><p data-block-key=\\\"bbtbo\\\">Blandit aliquam etiam erat velit scelerisque in dictum. Auctor eu augue ut lectus. Sed risus pretium quam vulputate dignissim suspendisse. Ultrices gravida dictum fusce ut. Scelerisque purus semper eget duis at tellus at urna. Est sit amet facilisis magna etiam tempor. Mauris rhoncus aenean vel elit. Ipsum dolor sit amet consectetur adipiscing elit duis. Eget est lorem ipsum dolor sit amet consectetur adipiscing. In hendrerit gravida rutrum quisque non tellus orci ac auctor. Quis hendrerit dolor magna eget.</p><p data-block-key=\\\"2d7u7\\\">Leo in vitae turpis massa sed elementum. Netus et malesuada fames ac. Risus commodo viverra maecenas accumsan lacus. Molestie at elementum eu facilisis sed odio morbi quis commodo. Adipiscing diam donec adipiscing tristique risus. Facilisis volutpat est velit egestas dui id. Mattis nunc sed blandit libero volutpat sed cras ornare. Massa tempor nec feugiat nisl pretium. Laoreet id donec ultrices tincidunt. Turpis egestas sed tempus urna et. Mollis nunc sed id semper risus in.</p><ol><li data-block-key=\\\"2v8a9\\\">Tempor orci dapibus ultrices in iaculis nunc.</li><li data-block-key=\\\"cagsl\\\">Aliquam sem fringilla ut morbi.</li><li data-block-key=\\\"1aaqj\\\">Congue nisi vitae suscipit tellus mauris a diam maecenas sed.</li></ol><p data-block-key=\\\"83e0c\\\">Semper viverra nam libero justo laoreet sit amet cursus.</p><h3 data-block-key=\\\"7qo69\\\">Care and Love</h3><p data-block-key=\\\"fia58\\\">Duis aute irure dolor in reprehenderit in voluptate velit esse cillum dolore eu fugiat nulla pariatur. Excepteur sint occaecat cupidatat non proident, sunt in culpa qui officia deserunt mollit anim id est laborum. Lorem ipsum dolor sit amet, consectetur adipiscing elit, sed do eiusmod tempor incididunt ut labore et dolore magna aliqua. Porttitor massa id neque aliquam. Donec adipiscing tristique risus nec feugiat in fermentum posuere. Nunc sed velit dignissim sodales ut eu sem integer. Ac odio tempor orci dapibus ultrices. Euismod nisi porta lorem mollis aliquam. Suscipit adipiscing bibendum est ultricies. Dignissim diam quis enim lobortis scelerisque fermentum dui. Vitae auctor eu augue ut. Sed egestas egestas fringilla phasellus faucibus scelerisque eleifend donec pretium. Sed egestas egestas fringilla phasellus faucibus scelerisque eleifend. Nec feugiat nisl pretium fusce id velit ut. Et netus et malesuada fames ac turpis egestas sed.</p><p data-block-key=\\\"flfqu\\\">Volutpat lacus laoreet non curabitur gravida arcu ac tortor dignissim. Vel pharetra vel turpis nunc eget lorem dolor. Non quam lacus suspendisse faucibus interdum posuere lorem ipsum. Mauris augue neque gravida in fermentum. Aliquam purus sit amet luctus venenatis lectus magna fringilla urna. Ultricies mi quis hendrerit dolor magna eget est lorem ipsum. Nunc sed augue lacus viverra. Eu sem integer vitae justo. Enim ut tellus elementum sagittis. Ac tortor vitae purus faucibus ornare suspendisse sed nisi lacus. Et odio pellentesque diam volutpat. Eget egestas purus viverra accumsan in.</p><p data-block-key=\\\"f6q47\\\">Blandit aliquam etiam erat velit scelerisque in dictum. Auctor eu augue ut lectus. Sed risus pretium quam vulputate dignissim suspendisse. Ultrices gravida dictum fusce ut. Scelerisque purus semper eget duis at tellus at urna. Est sit amet facilisis magna etiam tempor. Mauris rhoncus aenean vel elit. Ipsum dolor sit amet consectetur adipiscing elit duis. Eget est lorem ipsum dolor sit amet consectetur adipiscing. In hendrerit gravida rutrum quisque non tellus orci ac auctor. Quis hendrerit dolor magna eget.</p><p data-block-key=\\\"7drug\\\">Leo in vitae turpis massa sed elementum. Netus et malesuada fames ac. Risus commodo viverra maecenas accumsan lacus. Molestie at elementum eu facilisis sed odio morbi quis commodo. Adipiscing diam donec adipiscing tristique risus. Facilisis volutpat est velit egestas dui id. Mattis nunc sed blandit libero volutpat sed cras ornare. Massa tempor nec feugiat nisl pretium. Laoreet id donec ultrices tincidunt. Turpis egestas sed tempus urna et. Mollis nunc sed id semper risus in. Tempor orci dapibus ultrices in iaculis nunc. Aliquam sem fringilla ut morbi. Congue nisi vitae suscipit tellus mauris a diam maecenas sed.</p><p data-block-key=\\\"th2h\\\">Semper viverra nam libero justo laoreet sit amet cursus. Cursus euismod quis viverra nibh cras pulvinar mattis. Vitae elementum curabitur vitae nunc sed velit dignissim sodales. Porttitor massa id neque aliquam vestibulum morbi. Sed augue lacus viverra vitae congue eu consequat ac. Lorem mollis aliquam ut porttitor leo a. Ullamcorper morbi tincidunt ornare massa. Neque ornare aenean euismod elementum nisi quis eleifend quam adipiscing. Facilisis sed odio morbi quis commodo odio aenean. Aliquam ultrices sagittis orci a. Dignissim cras tincidunt lobortis feugiat vivamus at augue. Fringilla phasellus faucibus scelerisque eleifend. Commodo quis imperdiet massa tincidunt nunc pulvinar sapien et. Vulputate ut pharetra sit amet aliquam id diam maecenas ultricies. Donec pretium vulputate sapien nec sagittis aliquam malesuada. Ornare quam viverra orci sagittis eu. Nisi est sit amet facilisis magna etiam tempor orci eu.</p>\", \"thumbnail\": 10}, \"id\": \"065bb918-f232-4cde-a2d7-c89bf548bdf3\"}]",
      "notify_subscribers": false
    }
  },
  {
    "model": "wagtailmenus.mainmenuitem",
    "pk": 5,
    "fields": {
      "sort_order": 0,
      "link_page": 3,
      "link_url": null,
      "url_append": "",
      "handle": "",
      "link_text": "",
      "allow_subnav": true,
      "menu": 1
    }
  },
  {
    "model": "wagtailmenus.flatmenuitem",
    "pk": 1,
    "fields": {
      "sort_order": 0,
      "link_page": null,
      "link_url": "#",
      "url_append": "",
      "handle": "",
      "link_text": "Our Story",
      "allow_subnav": false,
      "menu": 1
    }
  },
  {
    "model": "wagtailmenus.flatmenuitem",
    "pk": 2,
    "fields": {
      "sort_order": 1,
      "link_page": null,
      "link_url": "#",
      "url_append": "",
      "handle": "",
      "link_text": "Newsroom",
      "allow_subnav": false,
      "menu": 1
    }
  },
  {
    "model": "wagtailmenus.flatmenuitem",
    "pk": 3,
    "fields": {
      "sort_order": 2,
      "link_page": null,
      "link_url": "#",
      "url_append": "",
      "handle": "",
      "link_text": "Services",
      "allow_subnav": false,
      "menu": 1
    }
  },
  {
    "model": "wagtailmenus.flatmenuitem",
    "pk": 4,
    "fields": {
      "sort_order": 3,
      "link_page": null,
      "link_url": "#",
      "url_append": "",
      "handle": "",
      "link_text": "Become a volunteer",
      "allow_subnav": false,
      "menu": 1
    }
  },
  {
    "model": "wagtailmenus.flatmenuitem",
    "pk": 5,
    "fields": {
      "sort_order": 4,
      "link_page": null,
      "link_url": "#",
      "url_append": "",
      "handle": "",
      "link_text": "Partner with us",
      "allow_subnav": false,
      "menu": 1
    }
  },
  {
    "model": "wagtailmenus.flatmenuitem",
    "pk": 8,
    "fields": {
      "sort_order": 0,
      "link_page": 3,
      "link_url": null,
      "url_append": "",
      "handle": "",
      "link_text": "",
      "allow_subnav": false,
      "menu": 3
    }
  },
  {
    "model": "wagtailmenus.flatmenuitem",
    "pk": 9,
    "fields": {
      "sort_order": 1,
      "link_page": 15,
      "link_url": null,
      "url_append": "",
      "handle": "",
      "link_text": "",
      "allow_subnav": true,
      "menu": 3
    }
  },
  {
    "model": "wagtailmenus.flatmenuitem",
    "pk": 10,
    "fields": {
      "sort_order": 2,
      "link_page": 18,
      "link_url": null,
      "url_append": "",
      "handle": "",
      "link_text": "",
      "allow_subnav": false,
      "menu": 3
    }
  },
  {
    "model": "wagtailmenus.flatmenuitem",
    "pk": 11,
    "fields": {
      "sort_order": 3,
      "link_page": 23,
      "link_url": null,
      "url_append": "",
      "handle": "",
      "link_text": "",
      "allow_subnav": false,
      "menu": 3
    }
  },
  {
    "model": "wagtailmenus.flatmenuitem",
    "pk": 12,
    "fields": {
      "sort_order": 4,
      "link_page": 28,
      "link_url": null,
      "url_append": "",
      "handle": "",
      "link_text": "",
      "allow_subnav": true,
      "menu": 3
    }
  },
  {
    "model": "wagtailmenus.flatmenuitem",
    "pk": 13,
    "fields": {
      "sort_order": 5,
      "link_page": 24,
      "link_url": null,
      "url_append": "",
      "handle": "",
      "link_text": "",
      "allow_subnav": true,
      "menu": 3
    }
  },
  {
    "model": "wagtailmenus.mainmenu",
    "pk": 1,
    "fields": {
      "site": 2,
      "max_levels": 2
    }
  },
  {
    "model": "wagtailmenus.flatmenu",
    "pk": 1,
    "fields": {
      "site": 2,
      "title": "Quick Links",
      "handle": "footermenu",
      "heading": "Quick Links",
      "max_levels": 1
    }
  },
  {
    "model": "wagtailmenus.flatmenu",
    "pk": 3,
    "fields": {
      "site": 2,
      "title": "Main",
      "handle": "main",
      "heading": "",
      "max_levels": 3
    }
  },
  {
    "model": "wagtailredirects.redirect",
    "pk": 1,
    "fields": {
      "old_path": "/about-us/mission/vision",
      "site": 2,
      "is_permanent": true,
      "redirect_page": 17,
      "redirect_page_route_path": "",
      "redirect_link": "",
      "automatically_created": true,
      "created_at": "2023-05-09T18:42:13.215Z"
    }
  },
  {
    "model": "wagtailusers.userprofile",
    "pk": 1,
    "fields": {
      "user": 1,
      "submitted_notifications": true,
      "approved_notifications": true,
      "rejected_notifications": true,
      "updated_comments_notifications": true,
      "preferred_language": "",
      "current_time_zone": "",
      "avatar": "",
      "dismissibles": {
        "help": true,
        "whats-new-in-wagtail-5.0": true,
        "editor-guide": true
      },
      "theme": "system"
    }
  },
  {
    "model": "wagtailimages.image",
    "pk": 1,
    "fields": {
      "collection": 1,
      "title": "medium-shot-people-collecting-donations",
      "file": "original_images/medium-shot-people-collecting-donations.jpg",
      "width": 1920,
      "height": 1184,
      "created_at": "2023-05-12T04:06:17.878Z",
      "uploaded_by_user": 1,
      "focal_point_x": null,
      "focal_point_y": null,
      "focal_point_width": null,
      "focal_point_height": null,
      "file_size": 183831,
      "file_hash": "f651cd811dc4a1a9784e93eadea7093224cef1df"
    }
  },
  {
    "model": "wagtailimages.image",
    "pk": 2,
    "fields": {
      "collection": 1,
      "title": "volunteer-helping-with-donation-box",
      "file": "original_images/volunteer-helping-with-donation-box.jpg",
      "width": 1920,
      "height": 1280,
      "created_at": "2023-05-12T04:07:26.350Z",
      "uploaded_by_user": 1,
      "focal_point_x": null,
      "focal_point_y": null,
      "focal_point_width": null,
      "focal_point_height": null,
      "file_size": 173062,
      "file_hash": "c22e823874c4dae0ac7195c04b87513dfec33ddd"
    }
  },
  {
    "model": "wagtailimages.image",
    "pk": 3,
    "fields": {
      "collection": 1,
      "title": "volunteer-selecting-organizing-clothes-donations-charity",
      "file": "original_images/volunteer-selecting-organizing-clothes-donations-charity.jpg",
      "width": 1920,
      "height": 1207,
      "created_at": "2023-05-12T04:08:31.632Z",
      "uploaded_by_user": 1,
      "focal_point_x": null,
      "focal_point_y": null,
      "focal_point_width": null,
      "focal_point_height": null,
      "file_size": 139031,
      "file_hash": "211f142ad80fd8bca22753c5af7d3b31ba55c8fd"
    }
  },
  {
    "model": "wagtailimages.image",
    "pk": 4,
    "fields": {
      "collection": 1,
      "title": "portrait-beautiful-young-woman-standing-grey-wall",
      "file": "original_images/portrait-beautiful-young-woman-standing-grey-wall.jpg",
      "width": 500,
      "height": 334,
      "created_at": "2023-05-14T05:24:55.652Z",
      "uploaded_by_user": 1,
      "focal_point_x": null,
      "focal_point_y": null,
      "focal_point_width": null,
      "focal_point_height": null,
      "file_size": 24232,
      "file_hash": "9ccb0bcdab3c25027740217df2a64ee2dc18ec93"
    }
  },
  {
    "model": "wagtailimages.image",
    "pk": 5,
    "fields": {
      "collection": 1,
      "title": "portrait-young-redhead-bearded-male",
      "file": "original_images/portrait-young-redhead-bearded-male.jpg",
      "width": 500,
      "height": 334,
      "created_at": "2023-05-14T05:29:28.390Z",
      "uploaded_by_user": 1,
      "focal_point_x": null,
      "focal_point_y": null,
      "focal_point_width": null,
      "focal_point_height": null,
      "file_size": 25921,
      "file_hash": "cfa6b029f4437f5687bcd64227597584c47b7ab7"
    }
  },
  {
    "model": "wagtailimages.image",
    "pk": 6,
    "fields": {
      "collection": 1,
      "title": "pretty-blonde-woman-wearing-white-t-shirt",
      "file": "original_images/pretty-blonde-woman-wearing-white-t-shirt.jpg",
      "width": 500,
      "height": 334,
      "created_at": "2023-05-14T05:32:41.289Z",
      "uploaded_by_user": 1,
      "focal_point_x": null,
      "focal_point_y": null,
      "focal_point_width": null,
      "focal_point_height": null,
      "file_size": 30052,
      "file_hash": "c8971e020d6ecc4fda7559ef7dfa1c64e7f36d62"
    }
  },
  {
    "model": "wagtailimages.image",
    "pk": 7,
    "fields": {
      "collection": 1,
      "title": "studio-portrait-emotional-happy-funny",
      "file": "original_images/studio-portrait-emotional-happy-funny.jpg",
      "width": 500,
      "height": 334,
      "created_at": "2023-05-14T05:32:58.473Z",
      "uploaded_by_user": 1,
      "focal_point_x": null,
      "focal_point_y": null,
      "focal_point_width": null,
      "focal_point_height": null,
      "file_size": 26473,
      "file_hash": "cb767536742c4844448bb69aa3da8858c77dcf63"
    }
  },
  {
    "model": "wagtailimages.image",
    "pk": 8,
    "fields": {
      "collection": 1,
      "title": "group-people-volunteering-foodbank-poor-people",
      "file": "original_images/group-people-volunteering-foodbank-poor-people.jpg",
      "width": 1000,
      "height": 667,
      "created_at": "2023-05-14T07:01:59.951Z",
      "uploaded_by_user": 1,
      "focal_point_x": null,
      "focal_point_y": null,
      "focal_point_width": null,
      "focal_point_height": null,
      "file_size": 139069,
      "file_hash": "98aa5dffd2e141537195361e4a35ab30b0202f08"
    }
  },
  {
    "model": "wagtailimages.image",
    "pk": 9,
    "fields": {
      "collection": 1,
      "title": "portrait-volunteer-who-organized-donations-charity",
      "file": "original_images/portrait-volunteer-who-organized-donations-charity.jpg",
      "width": 1000,
      "height": 1500,
      "created_at": "2023-05-14T07:15:16.102Z",
      "uploaded_by_user": 1,
      "focal_point_x": null,
      "focal_point_y": null,
      "focal_point_width": null,
      "focal_point_height": null,
      "file_size": 102388,
      "file_hash": "59200e96ad05f2812a91757d1616ef1f9c0d1fc9"
    }
  },
  {
    "model": "wagtailimages.image",
    "pk": 10,
    "fields": {
      "collection": 1,
      "title": "medium-shot-volunteers-with-clothing-donations",
      "file": "original_images/medium-shot-volunteers-with-clothing-donations.jpg",
      "width": 1000,
      "height": 667,
      "created_at": "2023-05-15T15:00:29.945Z",
      "uploaded_by_user": 1,
      "focal_point_x": null,
      "focal_point_y": null,
      "focal_point_width": null,
      "focal_point_height": null,
      "file_size": 91110,
      "file_hash": "9e91bd632a557310480d6f458aedf3cde1e51757"
    }
  },
  {
    "model": "wagtailimages.rendition",
    "pk": 1,
    "fields": {
      "filter_spec": "max-165x165",
      "file": "images/medium-shot-people-collecting-donations.max-165x165.jpg",
      "width": 165,
      "height": 101,
      "focal_point_key": "",
      "image": 1
    }
  },
  {
    "model": "wagtailimages.rendition",
    "pk": 2,
    "fields": {
      "filter_spec": "max-165x165",
      "file": "images/volunteer-helping-with-donation-box.max-165x165.jpg",
      "width": 165,
      "height": 110,
      "focal_point_key": "",
      "image": 2
    }
  },
  {
    "model": "wagtailimages.rendition",
    "pk": 3,
    "fields": {
      "filter_spec": "max-165x165",
      "file": "images/volunteer-selecting-organizing-clothes-donat.max-165x165.jpg",
      "width": 165,
      "height": 103,
      "focal_point_key": "",
      "image": 3
    }
  },
  {
    "model": "wagtailimages.rendition",
    "pk": 4,
    "fields": {
      "filter_spec": "fill-1920x1184",
      "file": "images/volunteer-helping-with-donation-.2e16d0ba.fill-1920x1184.jpg",
      "width": 1920,
      "height": 1184,
      "focal_point_key": "2e16d0ba",
      "image": 2
    }
  },
  {
    "model": "wagtailimages.rendition",
    "pk": 5,
    "fields": {
      "filter_spec": "fill-1920x1184",
      "file": "images/volunteer-selecting-organizing-c.2e16d0ba.fill-1920x1184.jpg",
      "width": 1920,
      "height": 1185,
      "focal_point_key": "2e16d0ba",
      "image": 3
    }
  },
  {
    "model": "wagtailimages.rendition",
    "pk": 6,
    "fields": {
      "filter_spec": "fill-1920x1184",
      "file": "images/medium-shot-people-collecting-do.2e16d0ba.fill-1920x1184.jpg",
      "width": 1920,
      "height": 1184,
      "focal_point_key": "2e16d0ba",
      "image": 1
    }
  },
  {
    "model": "wagtailimages.rendition",
    "pk": 7,
    "fields": {
      "filter_spec": "max-400x400",
      "file": "images/volunteer-helping-with-donation-box.max-400x400.jpg",
      "width": 400,
      "height": 266,
      "focal_point_key": "",
      "image": 2
    }
  },
  {
    "model": "wagtailimages.rendition",
    "pk": 8,
    "fields": {
      "filter_spec": "max-400x400",
      "file": "images/volunteer-selecting-organizing-clothes-donat.max-400x400.jpg",
      "width": 400,
      "height": 251,
      "focal_point_key": "",
      "image": 3
    }
  },
  {
    "model": "wagtailimages.rendition",
    "pk": 9,
    "fields": {
      "filter_spec": "original",
      "file": "images/volunteer-selecting-organizing-clothes-donation.original.jpg",
      "width": 1920,
      "height": 1207,
      "focal_point_key": "",
      "image": 3
    }
  },
  {
    "model": "wagtailimages.rendition",
    "pk": 10,
    "fields": {
      "filter_spec": "max-800x600",
      "file": "images/volunteer-selecting-organizing-clothes-donat.max-800x600.jpg",
      "width": 800,
      "height": 502,
      "focal_point_key": "",
      "image": 3
    }
  },
  {
    "model": "wagtailimages.rendition",
    "pk": 11,
    "fields": {
      "filter_spec": "max-165x165",
      "file": "images/portrait-beautiful-young-woman-standing-grey.max-165x165.jpg",
      "width": 165,
      "height": 110,
      "focal_point_key": "",
      "image": 4
    }
  },
  {
    "model": "wagtailimages.rendition",
    "pk": 12,
    "fields": {
      "filter_spec": "max-165x165",
      "file": "images/portrait-young-redhead-bearded-male.max-165x165.jpg",
      "width": 165,
      "height": 110,
      "focal_point_key": "",
      "image": 5
    }
  },
  {
    "model": "wagtailimages.rendition",
    "pk": 13,
    "fields": {
      "filter_spec": "max-165x165",
      "file": "images/pretty-blonde-woman-wearing-white-t-shirt.max-165x165.jpg",
      "width": 165,
      "height": 110,
      "focal_point_key": "",
      "image": 6
    }
  },
  {
    "model": "wagtailimages.rendition",
    "pk": 14,
    "fields": {
      "filter_spec": "max-165x165",
      "file": "images/studio-portrait-emotional-happy-funny.max-165x165.jpg",
      "width": 165,
      "height": 110,
      "focal_point_key": "",
      "image": 7
    }
  },
  {
    "model": "wagtailimages.rendition",
    "pk": 15,
    "fields": {
      "filter_spec": "fill-1920x1184",
      "file": "images/portrait-beautiful-young-woman-s.2e16d0ba.fill-1920x1184.jpg",
      "width": 500,
      "height": 310,
      "focal_point_key": "2e16d0ba",
      "image": 4
    }
  },
  {
    "model": "wagtailimages.rendition",
    "pk": 16,
    "fields": {
      "filter_spec": "fill-1920x1184",
      "file": "images/portrait-young-redhead-bearded-m.2e16d0ba.fill-1920x1184.jpg",
      "width": 500,
      "height": 310,
      "focal_point_key": "2e16d0ba",
      "image": 5
    }
  },
  {
    "model": "wagtailimages.rendition",
    "pk": 17,
    "fields": {
      "filter_spec": "fill-1920x1184",
      "file": "images/pretty-blonde-woman-wearing-whit.2e16d0ba.fill-1920x1184.jpg",
      "width": 500,
      "height": 310,
      "focal_point_key": "2e16d0ba",
      "image": 6
    }
  },
  {
    "model": "wagtailimages.rendition",
    "pk": 18,
    "fields": {
      "filter_spec": "fill-1920x1184",
      "file": "images/studio-portrait-emotional-happy-.2e16d0ba.fill-1920x1184.jpg",
      "width": 500,
      "height": 310,
      "focal_point_key": "2e16d0ba",
      "image": 7
    }
  },
  {
    "model": "wagtailimages.rendition",
    "pk": 19,
    "fields": {
      "filter_spec": "max-165x165",
      "file": "images/group-people-volunteering-foodbank-poor-peop.max-165x165.jpg",
      "width": 165,
      "height": 110,
      "focal_point_key": "",
      "image": 8
    }
  },
  {
    "model": "wagtailimages.rendition",
    "pk": 20,
    "fields": {
      "filter_spec": "max-165x165",
      "file": "images/portrait-volunteer-who-organized-donations-c.max-165x165.jpg",
      "width": 110,
      "height": 165,
      "focal_point_key": "",
      "image": 9
    }
  },
  {
    "model": "wagtailimages.rendition",
    "pk": 21,
    "fields": {
      "filter_spec": "max-165x165",
      "file": "images/medium-shot-volunteers-with-clothing-donatio.max-165x165.jpg",
      "width": 165,
      "height": 110,
      "focal_point_key": "",
      "image": 10
    }
  },
  {
    "model": "wagtailimages.rendition",
    "pk": 22,
    "fields": {
      "filter_spec": "original",
      "file": "images/medium-shot-volunteers-with-clothing-donations.original.jpg",
      "width": 1000,
      "height": 667,
      "focal_point_key": "",
      "image": 10
    }
  },
  {
    "model": "wagtailimages.rendition",
    "pk": 23,
    "fields": {
      "filter_spec": "max-800x600",
      "file": "images/medium-shot-volunteers-with-clothing-donatio.max-800x600.jpg",
      "width": 800,
      "height": 533,
      "focal_point_key": "",
      "image": 10
    }
  },
  {
    "model": "wagtailimages.rendition",
    "pk": 24,
    "fields": {
      "filter_spec": "max-400x400",
      "file": "images/medium-shot-volunteers-with-clothing-donatio.max-400x400.jpg",
      "width": 400,
      "height": 266,
      "focal_point_key": "",
      "image": 10
    }
  },
  {
    "model": "wagtailimages.rendition",
    "pk": 25,
    "fields": {
      "filter_spec": "fill-1920x1184",
      "file": "images/portrait-volunteer-who-organized.2e16d0ba.fill-1920x1184.jpg",
      "width": 1000,
      "height": 618,
      "focal_point_key": "2e16d0ba",
      "image": 9
    }
  },
  {
    "model": "wagtailsearch.sqliteftsindexentry",
    "pk": 1,
    "fields": {
      "autocomplete": "Home",
      "title": "Home",
      "body": ""
    }
  },
  {
    "model": "wagtailsearch.sqliteftsindexentry",
    "pk": 13,
    "fields": {
      "autocomplete": "Root",
      "title": "Root",
      "body": ""
    }
  },
  {
    "model": "wagtailsearch.sqliteftsindexentry",
    "pk": 14,
    "fields": {
      "autocomplete": "About Us",
      "title": "About Us",
      "body": ""
    }
  },
  {
    "model": "wagtailsearch.sqliteftsindexentry",
    "pk": 15,
    "fields": {
      "autocomplete": "Mission",
      "title": "Mission",
      "body": ""
    }
  },
  {
    "model": "wagtailsearch.sqliteftsindexentry",
    "pk": 16,
    "fields": {
      "autocomplete": "Vision",
      "title": "Vision",
      "body": ""
    }
  },
  {
    "model": "wagtailsearch.sqliteftsindexentry",
    "pk": 17,
    "fields": {
      "autocomplete": "Services",
      "title": "Services",
      "body": ""
    }
  },
  {
    "model": "wagtailsearch.sqliteftsindexentry",
    "pk": 18,
    "fields": {
      "autocomplete": "News & Events",
      "title": "News & Events",
      "body": ""
    }
  },
  {
    "model": "wagtailsearch.sqliteftsindexentry",
    "pk": 20,
    "fields": {
      "autocomplete": "Past Events",
      "title": "Past Events",
      "body": ""
    }
  },
  {
    "model": "wagtailsearch.sqliteftsindexentry",
    "pk": 21,
    "fields": {
      "autocomplete": "Upcoming Events",
      "title": "Upcoming Events",
      "body": ""
    }
  },
  {
    "model": "wagtailsearch.sqliteftsindexentry",
    "pk": 22,
    "fields": {
      "autocomplete": "Volunteer",
      "title": "Volunteer",
      "body": ""
    }
  },
  {
    "model": "wagtailsearch.sqliteftsindexentry",
    "pk": 23,
    "fields": {
      "autocomplete": "Contact Us",
      "title": "Contact Us",
      "body": ""
    }
  },
  {
    "model": "wagtailsearch.sqliteftsindexentry",
    "pk": 24,
    "fields": {
      "autocomplete": "medium-shot-people-collecting-donations",
      "title": "medium-shot-people-collecting-donations",
      "body": ""
    }
  },
  {
    "model": "wagtailsearch.sqliteftsindexentry",
    "pk": 25,
    "fields": {
      "autocomplete": "volunteer-helping-with-donation-box",
      "title": "volunteer-helping-with-donation-box",
      "body": ""
    }
  },
  {
    "model": "wagtailsearch.sqliteftsindexentry",
    "pk": 26,
    "fields": {
      "autocomplete": "volunteer-selecting-organizing-clothes-donations-charity",
      "title": "volunteer-selecting-organizing-clothes-donations-charity",
      "body": ""
    }
  },
  {
    "model": "wagtailsearch.sqliteftsindexentry",
    "pk": 27,
    "fields": {
      "autocomplete": "Volunteer with us",
      "title": "Volunteer with us",
      "body": ""
    }
  },
  {
    "model": "wagtailsearch.sqliteftsindexentry",
    "pk": 28,
    "fields": {
      "autocomplete": "Partner with us",
      "title": "Partner with us",
      "body": ""
    }
  },
  {
    "model": "wagtailsearch.sqliteftsindexentry",
    "pk": 29,
    "fields": {
      "autocomplete": "Make a donation",
      "title": "Make a donation",
      "body": ""
    }
  },
  {
    "model": "wagtailsearch.sqliteftsindexentry",
    "pk": 30,
    "fields": {
      "autocomplete": "News & Events",
      "title": "News & Events",
      "body": ""
    }
  },
  {
    "model": "wagtailsearch.sqliteftsindexentry",
    "pk": 31,
    "fields": {
      "autocomplete": "Our Newsletter",
      "title": "Our Newsletter",
      "body": ""
    }
  },
  {
    "model": "wagtailsearch.sqliteftsindexentry",
    "pk": 32,
    "fields": {
      "autocomplete": "portrait-beautiful-young-woman-standing-grey-wall",
      "title": "portrait-beautiful-young-woman-standing-grey-wall",
      "body": ""
    }
  },
  {
    "model": "wagtailsearch.sqliteftsindexentry",
    "pk": 33,
    "fields": {
      "autocomplete": "portrait-young-redhead-bearded-male",
      "title": "portrait-young-redhead-bearded-male",
      "body": ""
    }
  },
  {
    "model": "wagtailsearch.sqliteftsindexentry",
    "pk": 34,
    "fields": {
      "autocomplete": "pretty-blonde-woman-wearing-white-t-shirt",
      "title": "pretty-blonde-woman-wearing-white-t-shirt",
      "body": ""
    }
  },
  {
    "model": "wagtailsearch.sqliteftsindexentry",
    "pk": 35,
    "fields": {
      "autocomplete": "studio-portrait-emotional-happy-funny",
      "title": "studio-portrait-emotional-happy-funny",
      "body": ""
    }
  },
  {
    "model": "wagtailsearch.sqliteftsindexentry",
    "pk": 36,
    "fields": {
      "autocomplete": "group-people-volunteering-foodbank-poor-people",
      "title": "group-people-volunteering-foodbank-poor-people",
      "body": ""
    }
  },
  {
    "model": "wagtailsearch.sqliteftsindexentry",
    "pk": 37,
    "fields": {
      "autocomplete": "portrait-volunteer-who-organized-donations-charity",
      "title": "portrait-volunteer-who-organized-donations-charity",
      "body": ""
    }
  },
  {
    "model": "wagtailsearch.sqliteftsindexentry",
    "pk": 38,
    "fields": {
      "autocomplete": "medium-shot-volunteers-with-clothing-donations",
      "title": "medium-shot-volunteers-with-clothing-donations",
      "body": ""
    }
  },
  {
    "model": "wagtailsearch.indexentry",
    "pk": 1,
    "fields": {
      "content_type": 2,
      "object_id": "3",
      "title_norm": 1.5,
      "autocomplete": "Home",
      "title": "Home",
      "body": ""
    }
  },
  {
    "model": "auth.user",
    "pk": 1,
    "fields": {
      "password": "pbkdf2_sha256$600000$gSy5KPClA66VaCG3sqyhbf$0MJu5rDf1c2j/aOH6s4cji4Jc7cuFrA6vavZb5H5QfM=",
      "last_login": "2023-05-15T14:47:30.269Z",
      "is_superuser": true,
      "username": "cho",
      "first_name": "Cho",
      "last_name": "Ndi",
      "email": "cho@yopmail.fr",
      "is_staff": true,
      "is_active": true,
      "date_joined": "2023-05-07T16:04:51.895Z",
      "groups": [],
      "user_permissions": []
    }
  }
]
