[{"model": "home.homepage", "pk": 3, "fields": {"body": "[{\"type\": \"welcome\", \"value\": {\"action_block\": [{\"type\": \"item\", \"value\": {\"pos\": 1, \"icon\": 4, \"action_name\": \"Become a <b>volunteer</b>\", \"link_page\": 3}, \"id\": \"6e3625f0-11d7-499e-b584-d0f93660610b\"}, {\"type\": \"item\", \"value\": {\"pos\": 2, \"icon\": 5, \"action_name\": \"<b>Partner</b> with Us\", \"link_page\": 3}, \"id\": \"ce1d2993-6784-4b60-bee8-8fc8f93e2135\"}, {\"type\": \"item\", \"value\": {\"pos\": 3, \"icon\": 6, \"action_name\": \"Make a <b>Donation</b>\", \"link_page\": 3}, \"id\": \"05d08a6f-cbc1-4d93-8ca0-d7bbf554916b\"}, {\"type\": \"item\", \"value\": {\"pos\": 4, \"icon\": 7, \"action_name\": \"<b>Scholarship</b> Program\", \"link_page\": 3}, \"id\": \"431646bc-7425-426e-bbe3-6c53c97a90b3\"}]}, \"id\": \"c1011dfb-c2db-4c2a-b663-03b2c45099de\"}, {\"type\": \"about\", \"value\": {\"mission_vision\": {\"image\": 8}, \"founding_partner\": {\"full_names\": \"Sandy Chan\", \"partnership_type\": \"Co-Founding Partner\", \"background\": \"<p data-block-key=\\\"3xjjl\\\">Lorem Ipsum dolor sit amet, consectetur adipsicing kengan omeg kohm tokito Professional charity theme based</p><p data-block-key=\\\"cr5r7\\\">You are not allowed to redistribute this template ZIP file on any other template collection website. Please contact TemplateMo for more information.</p>\", \"photo\": 9, \"twitter\": \"https://twitter.com\", \"facebook\": \"https://facebook.com\", \"instagram\": \"https://instagram.com\"}, \"ad_block\": {\"statement\": \"<p data-block-key=\\\"fab2c\\\">Make an impact.<br/> Save lives.</p>\"}}, \"id\": \"900d67f4-2aa8-4f0b-9ddc-4870fd7f210a\"}, {\"type\": \"services\", \"value\": {\"section_title\": \"Our Causes\", \"content\": [{\"type\": \"item\", \"value\": {\"image\": 10, \"title\": \"Children Education\", \"description\": \"<p data-block-key=\\\"sl2ig\\\">Lorem Ipsum dolor sit amet, consectetur adipsicing kengan omeg kohm tokito</p>\", \"campaign_page\": 3}, \"id\": \"c9df7fc3-2e92-4a94-9a0d-1251bfdfd3a3\"}, {\"type\": \"item\", \"value\": {\"image\": 11, \"title\": \"Poverty Development\", \"description\": \"<p data-block-key=\\\"ojpgz\\\">Sed leo nisl, posuere at molestie ac, suscipit auctor mauris. Etiam quis metus tempor</p>\", \"campaign_page\": 3}, \"id\": \"b761efb6-b197-4cfd-b68d-d950c6d936ee\"}, {\"type\": \"item\", \"value\": {\"image\": 12, \"title\": \"Supply drinking water\", \"description\": \"<p data-block-key=\\\"ojpgz\\\">Orci varius natoque penatibus et magnis dis parturient montes, nascetur ridiculus</p>\", \"campaign_page\": 3}, \"id\": \"7b1967f8-22f3-4712-b11b-c6628e4ae030\"}]}, \"id\": \"c22ced0a-9212-41b4-8eaf-1c3d1366c44b\"}, {\"type\": \"testimonial\", \"value\": {\"section_title\": \"Testimonials\"}, \"id\": \"1259b2c0-4325-401a-8cff-296128be453c\"}]"}}, {"model": "home.homepagecarousel", "pk": 1, "fields": {"sort_order": 0, "page": 3, "title": "Non-profit", "sub_title": "You can support us to grow more", "image": 2}}, {"model": "home.homepagecarousel", "pk": 2, "fields": {"sort_order": 1, "page": 3, "title": "Humanity", "sub_title": "Please tell your friends about our website", "image": 3}}, {"model": "home.homepagecarousel", "pk": 3, "fields": {"sort_order": 2, "page": 3, "title": "be a Kind Heart", "sub_title": "Professional charity theme based on Bootstrap 5.2.2", "image": 1}}, {"model": "home.testimonial", "pk": 1, "fields": {"sort_order": null, "page": 3, "testifiers_quote": "Lorem Ipsum dolor sit amet, consectetur adipsicing kengan omeg kohm tokito charity theme", "testifiers_name": "Maria", "testifiers_title": "Boss", "testifiers_photo": 13}}, {"model": "home.testimonial", "pk": 2, "fields": {"sort_order": null, "page": 3, "testifiers_quote": "Sed leo nisl, posuere at molestie ac, suscipit auctor mauris quis metus tempor orci", "testifiers_name": "Thomas", "testifiers_title": "Partner", "testifiers_photo": 14}}, {"model": "home.testimonial", "pk": 3, "fields": {"sort_order": null, "page": 3, "testifiers_quote": "Lorem Ipsum dolor sit amet, consectetur adipsicing kengan omeg kohm tokito charity theme", "testifiers_name": "Jane", "testifiers_title": "Advisor", "testifiers_photo": 15}}, {"model": "home.testimonial", "pk": 4, "fields": {"sort_order": null, "page": 3, "testifiers_quote": "Sed leo nisl, posuere at molestie ac, suscipit auctor mauris quis metus tempor orci", "testifiers_name": "Bob", "testifiers_title": "Entrepreneur", "testifiers_photo": 16}}, {"model": "config.pagebuttons", "pk": 1, "fields": {"button_type": "donate", "link_page": 3, "link_text": "Donate"}}, {"model": "config.organisationsetup", "pk": 1, "fields": {"name": "Agape Partners Network", "abbreviation": "A P N", "mission": "To grow a network of believers worldwide partnering with one another to spread the gospel of salvation through the sharing of God’s love by reaching out to individuals, families, ministries and communities in need.", "vision": "Advancing the kingdom of God by reaching out to those in need with the love of God.", "slogan": "Sharing love with a world in need", "address": "Akershusstranda 20, 0150 Oslo, Norway", "phone": "120-240-9600", "email": "donate@charity.org"}}, {"model": "config.socialmediasite", "pk": 1, "fields": {"sort_order": null, "name": "twitter", "link": "https://www.twitter.com", "handle": null}}, {"model": "config.socialmediasite", "pk": 2, "fields": {"sort_order": null, "name": "facebook", "link": "https://www.facebook.com", "handle": null}}, {"model": "config.socialmediasite", "pk": 3, "fields": {"sort_order": null, "name": "instagram", "link": "https://www.instagram.com", "handle": null}}, {"model": "config.socialmediasite", "pk": 4, "fields": {"sort_order": null, "name": "youtube", "link": "https://www.youtube.com", "handle": null}}, {"model": "partnership.formfield", "pk": 1, "fields": {"sort_order": 0, "clean_name": "first_name", "label": "First Name", "field_type": "singleline", "required": true, "choices": "", "default_value": "", "help_text": "Jack", "page": 4}}, {"model": "partnership.formfield", "pk": 2, "fields": {"sort_order": 1, "clean_name": "last_name", "label": "Last Name", "field_type": "singleline", "required": true, "choices": "", "default_value": "", "help_text": "Doe", "page": 4}}, {"model": "partnership.formfield", "pk": 3, "fields": {"sort_order": 2, "clean_name": "email", "label": "Email", "field_type": "email", "required": true, "choices": "", "default_value": "", "help_text": "Jackdoe@gmail.com", "page": 4}}, {"model": "partnership.formfield", "pk": 4, "fields": {"sort_order": 3, "clean_name": "message", "label": "message", "field_type": "multiline", "required": true, "choices": "", "default_value": "", "help_text": "How can we be of help to you?", "page": 4}}, {"model": "partnership.formfield", "pk": 5, "fields": {"sort_order": 0, "clean_name": "what_are_you_donating", "label": "What are you donating?", "field_type": "checkboxes", "required": false, "choices": "computers, machines, medical equipment, non perishable food items, clothing, household equipment, other resources", "default_value": "", "help_text": "like computers, machines, medical equipment e.t.c", "page": 5}}, {"model": "partnership.formfield", "pk": 6, "fields": {"sort_order": 1, "clean_name": "what_quantity", "label": "What quantity ?", "field_type": "number", "required": true, "choices": "", "default_value": "", "help_text": "State how many items you want to donate.", "page": 5}}, {"model": "partnership.formfield", "pk": 7, "fields": {"sort_order": 2, "clean_name": "estimated_weight", "label": "Estimated weight?", "field_type": "number", "required": true, "choices": "", "default_value": "", "help_text": "State the approximate weight", "page": 5}}, {"model": "partnership.formfield", "pk": 8, "fields": {"sort_order": 3, "clean_name": "where_are_you_donating_fromlocation", "label": "Where are you donating from?(Location)", "field_type": "multiline", "required": true, "choices": "", "default_value": "", "help_text": "State where you are located.", "page": 5}}, {"model": "partnership.formfield", "pk": 9, "fields": {"sort_order": 4, "clean_name": "when_will_this_donation_be_available_time", "label": "When will this donation be available? (Time)", "field_type": "date", "required": true, "choices": "", "default_value": "", "help_text": "Please state when these items could be expected.", "page": 5}}, {"model": "partnership.formspage", "pk": 4, "fields": {"to_address": "admin@apn.net", "from_address": "admin@apn.net", "subject": "Contact", "intro": "<p data-block-key=\"bjbsd\">Or, you can just send an email: info@charity.org</p>", "thank_you_text": "<p data-block-key=\"fis3d\">Thank you for reaching out!</p>", "page_type": "contact_form"}}, {"model": "partnership.formspage", "pk": 5, "fields": {"to_address": "", "from_address": "", "subject": "", "intro": "<p data-block-key=\"rhp8i\">We accept in-kind donations like computers, machines, medical equipments, non perishable food items, clothings, household equipments and other resources as needed. Shipping arrangements will be made by correspondence with donors to deliver to the specific locations in need of donated items.</p>", "thank_you_text": "", "page_type": "donation_form"}}, {"model": "wagtailmenus.mainmenuitem", "pk": 1, "fields": {"sort_order": 0, "link_page": 3, "link_url": null, "url_append": "", "handle": "", "link_text": "", "allow_subnav": false, "menu": 1}}, {"model": "wagtailmenus.mainmenuitem", "pk": 2, "fields": {"sort_order": 1, "link_page": 3, "link_url": null, "url_append": "", "handle": "", "link_text": "About Us", "allow_subnav": true, "menu": 1}}, {"model": "wagtailmenus.mainmenuitem", "pk": 3, "fields": {"sort_order": 2, "link_page": 3, "link_url": null, "url_append": "", "handle": "", "link_text": "Services", "allow_subnav": true, "menu": 1}}, {"model": "wagtailmenus.mainmenuitem", "pk": 4, "fields": {"sort_order": 3, "link_page": 3, "link_url": null, "url_append": "", "handle": "", "link_text": "News & Events", "allow_subnav": true, "menu": 1}}, {"model": "wagtailmenus.mainmenuitem", "pk": 5, "fields": {"sort_order": 4, "link_page": 3, "link_url": null, "url_append": "", "handle": "", "link_text": "Join Us", "allow_subnav": true, "menu": 1}}, {"model": "wagtailmenus.mainmenuitem", "pk": 6, "fields": {"sort_order": 5, "link_page": 4, "link_url": null, "url_append": "", "handle": "", "link_text": "Contact Us", "allow_subnav": true, "menu": 1}}, {"model": "wagtailmenus.flatmenuitem", "pk": 1, "fields": {"sort_order": 0, "link_page": 3, "link_url": null, "url_append": "", "handle": "", "link_text": "Our Story", "allow_subnav": false, "menu": 1}}, {"model": "wagtailmenus.flatmenuitem", "pk": 2, "fields": {"sort_order": 1, "link_page": 3, "link_url": null, "url_append": "", "handle": "", "link_text": "Newsroom", "allow_subnav": false, "menu": 1}}, {"model": "wagtailmenus.flatmenuitem", "pk": 3, "fields": {"sort_order": 2, "link_page": 3, "link_url": null, "url_append": "", "handle": "", "link_text": "Services", "allow_subnav": false, "menu": 1}}, {"model": "wagtailmenus.flatmenuitem", "pk": 4, "fields": {"sort_order": 3, "link_page": 3, "link_url": null, "url_append": "", "handle": "", "link_text": "Become a volunteer", "allow_subnav": false, "menu": 1}}, {"model": "wagtailmenus.flatmenuitem", "pk": 5, "fields": {"sort_order": 4, "link_page": 3, "link_url": null, "url_append": "", "handle": "", "link_text": "Partner with us", "allow_subnav": false, "menu": 1}}, {"model": "wagtailmenus.mainmenu", "pk": 1, "fields": {"site": 2, "max_levels": 2}}, {"model": "wagtailmenus.flatmenu", "pk": 1, "fields": {"site": 2, "title": "Quick Links", "handle": "footermenu", "heading": "Quick Links", "max_levels": 1}}, {"model": "wagtailusers.userprofile", "pk": 1, "fields": {"user": 1, "submitted_notifications": true, "approved_notifications": true, "rejected_notifications": true, "updated_comments_notifications": true, "preferred_language": "", "current_time_zone": "", "avatar": "", "dismissibles": {}, "theme": "system"}}, {"model": "wagtailimages.image", "pk": 1, "fields": {"collection": 1, "title": "volunteer-helping-with-donation-box", "file": "original_images/volunteer-helping-with-donation-box.jpg", "width": 1920, "height": 1280, "created_at": "2023-09-11T00:12:32.232Z", "uploaded_by_user": 1, "focal_point_x": null, "focal_point_y": null, "focal_point_width": null, "focal_point_height": null, "file_size": 173062, "file_hash": "c22e823874c4dae0ac7195c04b87513dfec33ddd"}}, {"model": "wagtailimages.image", "pk": 2, "fields": {"collection": 1, "title": "volunteer-selecting-organizing-clothes-donations-charity", "file": "original_images/volunteer-selecting-organizing-clothes-donations-charity.jpg", "width": 1920, "height": 1207, "created_at": "2023-09-11T00:13:31.003Z", "uploaded_by_user": 1, "focal_point_x": null, "focal_point_y": null, "focal_point_width": null, "focal_point_height": null, "file_size": 139031, "file_hash": "211f142ad80fd8bca22753c5af7d3b31ba55c8fd"}}, {"model": "wagtailimages.image", "pk": 3, "fields": {"collection": 1, "title": "medium-shot-people-collecting-donations", "file": "original_images/medium-shot-people-collecting-donations.jpg", "width": 1920, "height": 1184, "created_at": "2023-09-11T00:14:15.090Z", "uploaded_by_user": 1, "focal_point_x": null, "focal_point_y": null, "focal_point_width": null, "focal_point_height": null, "file_size": 183831, "file_hash": "f651cd811dc4a1a9784e93eadea7093224cef1df"}}, {"model": "wagtailimages.image", "pk": 4, "fields": {"collection": 1, "title": "hands", "file": "original_images/hands.png", "width": 128, "height": 128, "created_at": "2023-09-11T12:52:32.983Z", "uploaded_by_user": 1, "focal_point_x": null, "focal_point_y": null, "focal_point_width": null, "focal_point_height": null, "file_size": 5009, "file_hash": "2c6e03edff6f3383681e869206d99ee46ac0298f"}}, {"model": "wagtailimages.image", "pk": 5, "fields": {"collection": 1, "title": "heart", "file": "original_images/heart.png", "width": 128, "height": 128, "created_at": "2023-09-11T12:54:27.411Z", "uploaded_by_user": 1, "focal_point_x": null, "focal_point_y": null, "focal_point_width": null, "focal_point_height": null, "file_size": 7433, "file_hash": "dc41a2c9fad03afcae3253fde94f20b4a2c3d062"}}, {"model": "wagtailimages.image", "pk": 6, "fields": {"collection": 1, "title": "receive", "file": "original_images/receive.png", "width": 128, "height": 128, "created_at": "2023-09-11T12:55:36.715Z", "uploaded_by_user": 1, "focal_point_x": null, "focal_point_y": null, "focal_point_width": null, "focal_point_height": null, "file_size": 6759, "file_hash": "2d0a4087a40bf5c82b6306943ae31a5917f7242b"}}, {"model": "wagtailimages.image", "pk": 7, "fields": {"collection": 1, "title": "scholarship", "file": "original_images/scholarship.png", "width": 128, "height": 128, "created_at": "2023-09-11T12:56:14.008Z", "uploaded_by_user": 1, "focal_point_x": null, "focal_point_y": null, "focal_point_width": null, "focal_point_height": null, "file_size": 6636, "file_hash": "d6aa387f5b60a7a8f135f05109789af3054e917e"}}, {"model": "wagtailimages.image", "pk": 8, "fields": {"collection": 1, "title": "group-people-volunteering-foodbank-poor-people", "file": "original_images/group-people-volunteering-foodbank-poor-people.jpg", "width": 1000, "height": 667, "created_at": "2023-09-11T15:57:37.982Z", "uploaded_by_user": 1, "focal_point_x": null, "focal_point_y": null, "focal_point_width": null, "focal_point_height": null, "file_size": 139069, "file_hash": "98aa5dffd2e141537195361e4a35ab30b0202f08"}}, {"model": "wagtailimages.image", "pk": 9, "fields": {"collection": 1, "title": "portrait-volunteer-who-organized-donations-charity", "file": "original_images/portrait-volunteer-who-organized-donations-charity.jpg", "width": 1000, "height": 1500, "created_at": "2023-09-11T15:58:53.784Z", "uploaded_by_user": 1, "focal_point_x": null, "focal_point_y": null, "focal_point_width": null, "focal_point_height": null, "file_size": 102388, "file_hash": "59200e96ad05f2812a91757d1616ef1f9c0d1fc9"}}, {"model": "wagtailimages.image", "pk": 10, "fields": {"collection": 1, "title": "african-woman-pouring-water-recipient-outdoors", "file": "original_images/african-woman-pouring-water-recipient-outdoors.jpg", "width": 1000, "height": 667, "created_at": "2023-09-11T17:25:10.462Z", "uploaded_by_user": 1, "focal_point_x": null, "focal_point_y": null, "focal_point_width": null, "focal_point_height": null, "file_size": 92413, "file_hash": "49211f329c156ab4c500aca6b6b2e9b990f13162"}}, {"model": "wagtailimages.image", "pk": 11, "fields": {"collection": 1, "title": "group-african-kids-paying-attention-class", "file": "original_images/group-african-kids-paying-attention-class.jpg", "width": 1000, "height": 667, "created_at": "2023-09-11T17:26:21.078Z", "uploaded_by_user": 1, "focal_point_x": null, "focal_point_y": null, "focal_point_width": null, "focal_point_height": null, "file_size": 104432, "file_hash": "20e5e20fda7cbe2d1a31cf83bdec21c652bed4f5"}}, {"model": "wagtailimages.image", "pk": 12, "fields": {"collection": 1, "title": "poor-child-landfill-looks-forward-with-hope", "file": "original_images/poor-child-landfill-looks-forward-with-hope.jpg", "width": 1000, "height": 667, "created_at": "2023-09-11T17:27:03.857Z", "uploaded_by_user": 1, "focal_point_x": null, "focal_point_y": null, "focal_point_width": null, "focal_point_height": null, "file_size": 169170, "file_hash": "1121e084a63d247cd6f2853a1e8d7866e24d392b"}}, {"model": "wagtailimages.image", "pk": 13, "fields": {"collection": 1, "title": "portrait-beautiful-young-woman-standing-grey-wall", "file": "original_images/portrait-beautiful-young-woman-standing-grey-wall.jpg", "width": 500, "height": 334, "created_at": "2023-09-12T03:15:45.174Z", "uploaded_by_user": 1, "focal_point_x": null, "focal_point_y": null, "focal_point_width": null, "focal_point_height": null, "file_size": 24232, "file_hash": "9ccb0bcdab3c25027740217df2a64ee2dc18ec93"}}, {"model": "wagtailimages.image", "pk": 14, "fields": {"collection": 1, "title": "portrait-young-redhead-bearded-male", "file": "original_images/portrait-young-redhead-bearded-male.jpg", "width": 500, "height": 334, "created_at": "2023-09-12T03:17:08.621Z", "uploaded_by_user": 1, "focal_point_x": null, "focal_point_y": null, "focal_point_width": null, "focal_point_height": null, "file_size": 25921, "file_hash": "cfa6b029f4437f5687bcd64227597584c47b7ab7"}}, {"model": "wagtailimages.image", "pk": 15, "fields": {"collection": 1, "title": "pretty-blonde-woman-wearing-white-t-shirt", "file": "original_images/pretty-blonde-woman-wearing-white-t-shirt.jpg", "width": 500, "height": 334, "created_at": "2023-09-12T03:20:13.084Z", "uploaded_by_user": 1, "focal_point_x": null, "focal_point_y": null, "focal_point_width": null, "focal_point_height": null, "file_size": 30052, "file_hash": "c8971e020d6ecc4fda7559ef7dfa1c64e7f36d62"}}, {"model": "wagtailimages.image", "pk": 16, "fields": {"collection": 1, "title": "studio-portrait-emotional-happy-funny", "file": "original_images/studio-portrait-emotional-happy-funny.jpg", "width": 500, "height": 334, "created_at": "2023-09-12T03:22:14.424Z", "uploaded_by_user": 1, "focal_point_x": null, "focal_point_y": null, "focal_point_width": null, "focal_point_height": null, "file_size": 26473, "file_hash": "cb767536742c4844448bb69aa3da8858c77dcf63"}}, {"model": "wagtailimages.rendition", "pk": 1, "fields": {"filter_spec": "max-165x165", "file": "images/volunteer-helping-with-donation-box.max-165x165.jpg", "width": 165, "height": 110, "focal_point_key": "", "image": 1}}, {"model": "wagtailimages.rendition", "pk": 2, "fields": {"filter_spec": "max-165x165", "file": "images/volunteer-selecting-organizing-clothes-donat.max-165x165.jpg", "width": 165, "height": 103, "focal_point_key": "", "image": 2}}, {"model": "wagtailimages.rendition", "pk": 3, "fields": {"filter_spec": "max-165x165", "file": "images/medium-shot-people-collecting-donations.max-165x165.jpg", "width": 165, "height": 101, "focal_point_key": "", "image": 3}}, {"model": "wagtailimages.rendition", "pk": 4, "fields": {"filter_spec": "fill-1920x1184", "file": "images/volunteer-selecting-organizing-c.2e16d0ba.fill-1920x1184.jpg", "width": 1920, "height": 1185, "focal_point_key": "2e16d0ba", "image": 2}}, {"model": "wagtailimages.rendition", "pk": 5, "fields": {"filter_spec": "fill-1920x1184", "file": "images/medium-shot-people-collecting-do.2e16d0ba.fill-1920x1184.jpg", "width": 1920, "height": 1184, "focal_point_key": "2e16d0ba", "image": 3}}, {"model": "wagtailimages.rendition", "pk": 6, "fields": {"filter_spec": "fill-1920x1184", "file": "images/volunteer-helping-with-donation-.2e16d0ba.fill-1920x1184.jpg", "width": 1920, "height": 1184, "focal_point_key": "2e16d0ba", "image": 1}}, {"model": "wagtailimages.rendition", "pk": 7, "fields": {"filter_spec": "max-165x165", "file": "images/hands.max-165x165.png", "width": 128, "height": 128, "focal_point_key": "", "image": 4}}, {"model": "wagtailimages.rendition", "pk": 8, "fields": {"filter_spec": "max-165x165", "file": "images/heart.max-165x165.png", "width": 128, "height": 128, "focal_point_key": "", "image": 5}}, {"model": "wagtailimages.rendition", "pk": 9, "fields": {"filter_spec": "max-165x165", "file": "images/receive.max-165x165.png", "width": 128, "height": 128, "focal_point_key": "", "image": 6}}, {"model": "wagtailimages.rendition", "pk": 10, "fields": {"filter_spec": "max-165x165", "file": "images/scholarship.max-165x165.png", "width": 128, "height": 128, "focal_point_key": "", "image": 7}}, {"model": "wagtailimages.rendition", "pk": 11, "fields": {"filter_spec": "max-320x200", "file": "images/hands.max-320x200.png", "width": 128, "height": 128, "focal_point_key": "", "image": 4}}, {"model": "wagtailimages.rendition", "pk": 12, "fields": {"filter_spec": "max-320x200", "file": "images/heart.max-320x200.png", "width": 128, "height": 128, "focal_point_key": "", "image": 5}}, {"model": "wagtailimages.rendition", "pk": 13, "fields": {"filter_spec": "max-320x200", "file": "images/receive.max-320x200.png", "width": 128, "height": 128, "focal_point_key": "", "image": 6}}, {"model": "wagtailimages.rendition", "pk": 14, "fields": {"filter_spec": "max-320x200", "file": "images/scholarship.max-320x200.png", "width": 128, "height": 128, "focal_point_key": "", "image": 7}}, {"model": "wagtailimages.rendition", "pk": 15, "fields": {"filter_spec": "max-165x165", "file": "images/group-people-volunteering-foodbank-poor-peop.max-165x165.jpg", "width": 165, "height": 110, "focal_point_key": "", "image": 8}}, {"model": "wagtailimages.rendition", "pk": 16, "fields": {"filter_spec": "max-165x165", "file": "images/portrait-volunteer-who-organized-donations-c.max-165x165.jpg", "width": 110, "height": 165, "focal_point_key": "", "image": 9}}, {"model": "wagtailimages.rendition", "pk": 17, "fields": {"filter_spec": "max-165x165", "file": "images/african-woman-pouring-water-recipient-outdoo.max-165x165.jpg", "width": 165, "height": 110, "focal_point_key": "", "image": 10}}, {"model": "wagtailimages.rendition", "pk": 18, "fields": {"filter_spec": "max-165x165", "file": "images/group-african-kids-paying-attention-class.max-165x165.jpg", "width": 165, "height": 110, "focal_point_key": "", "image": 11}}, {"model": "wagtailimages.rendition", "pk": 19, "fields": {"filter_spec": "max-165x165", "file": "images/poor-child-landfill-looks-forward-with-hope.max-165x165.jpg", "width": 165, "height": 110, "focal_point_key": "", "image": 12}}, {"model": "wagtailimages.rendition", "pk": 20, "fields": {"filter_spec": "max-320x200", "file": "images/african-woman-pouring-water-recipient-outdoo.max-320x200.jpg", "width": 299, "height": 200, "focal_point_key": "", "image": 10}}, {"model": "wagtailimages.rendition", "pk": 21, "fields": {"filter_spec": "max-320x200", "file": "images/group-african-kids-paying-attention-class.max-320x200.jpg", "width": 299, "height": 200, "focal_point_key": "", "image": 11}}, {"model": "wagtailimages.rendition", "pk": 22, "fields": {"filter_spec": "max-320x200", "file": "images/poor-child-landfill-looks-forward-with-hope.max-320x200.jpg", "width": 299, "height": 200, "focal_point_key": "", "image": 12}}, {"model": "wagtailimages.rendition", "pk": 23, "fields": {"filter_spec": "max-320x200", "file": "images/portrait-volunteer-who-organized-donations-c.max-320x200.jpg", "width": 133, "height": 200, "focal_point_key": "", "image": 9}}, {"model": "wagtailimages.rendition", "pk": 24, "fields": {"filter_spec": "max-320x200", "file": "images/group-people-volunteering-foodbank-poor-peop.max-320x200.jpg", "width": 299, "height": 200, "focal_point_key": "", "image": 8}}, {"model": "wagtailimages.rendition", "pk": 25, "fields": {"filter_spec": "max-376x251", "file": "images/group-people-volunteering-foodbank-poor-peop.max-376x251.jpg", "width": 376, "height": 250, "focal_point_key": "", "image": 8}}, {"model": "wagtailimages.rendition", "pk": 26, "fields": {"filter_spec": "max-500x400", "file": "images/group-people-volunteering-foodbank-poor-peop.max-500x400.jpg", "width": 500, "height": 333, "focal_point_key": "", "image": 8}}, {"model": "wagtailimages.rendition", "pk": 27, "fields": {"filter_spec": "max-1500x1400", "file": "images/group-people-volunteering-foodbank-poor-pe.max-1500x1400.jpg", "width": 1000, "height": 667, "focal_point_key": "", "image": 8}}, {"model": "wagtailimages.rendition", "pk": 28, "fields": {"filter_spec": "max-1320x1200", "file": "images/portrait-volunteer-who-organized-donations.max-1320x1200.jpg", "width": 800, "height": 1200, "focal_point_key": "", "image": 9}}, {"model": "wagtailimages.rendition", "pk": 29, "fields": {"filter_spec": "max-1320x1200", "file": "images/african-woman-pouring-water-recipient-outd.max-1320x1200.jpg", "width": 1000, "height": 667, "focal_point_key": "", "image": 10}}, {"model": "wagtailimages.rendition", "pk": 30, "fields": {"filter_spec": "max-1320x1200", "file": "images/group-african-kids-paying-attention-class.max-1320x1200.jpg", "width": 1000, "height": 667, "focal_point_key": "", "image": 11}}, {"model": "wagtailimages.rendition", "pk": 31, "fields": {"filter_spec": "max-1320x1200", "file": "images/poor-child-landfill-looks-forward-with-hop.max-1320x1200.jpg", "width": 1000, "height": 667, "focal_point_key": "", "image": 12}}, {"model": "wagtailimages.rendition", "pk": 32, "fields": {"filter_spec": "max-165x165", "file": "images/portrait-beautiful-young-woman-standing-grey.max-165x165.jpg", "width": 165, "height": 110, "focal_point_key": "", "image": 13}}, {"model": "wagtailimages.rendition", "pk": 33, "fields": {"filter_spec": "max-165x165", "file": "images/portrait-young-redhead-bearded-male.max-165x165.jpg", "width": 165, "height": 110, "focal_point_key": "", "image": 14}}, {"model": "wagtailimages.rendition", "pk": 34, "fields": {"filter_spec": "max-165x165", "file": "images/pretty-blonde-woman-wearing-white-t-shirt.max-165x165.jpg", "width": 165, "height": 110, "focal_point_key": "", "image": 15}}, {"model": "wagtailimages.rendition", "pk": 35, "fields": {"filter_spec": "max-165x165", "file": "images/studio-portrait-emotional-happy-funny.max-165x165.jpg", "width": 165, "height": 110, "focal_point_key": "", "image": 16}}, {"model": "wagtailimages.rendition", "pk": 36, "fields": {"filter_spec": "fill-1920x1184", "file": "images/portrait-beautiful-young-woman-s.2e16d0ba.fill-1920x1184.jpg", "width": 500, "height": 310, "focal_point_key": "2e16d0ba", "image": 13}}, {"model": "wagtailimages.rendition", "pk": 37, "fields": {"filter_spec": "fill-1920x1184", "file": "images/portrait-young-redhead-bearded-m.2e16d0ba.fill-1920x1184.jpg", "width": 500, "height": 310, "focal_point_key": "2e16d0ba", "image": 14}}, {"model": "wagtailimages.rendition", "pk": 38, "fields": {"filter_spec": "fill-1920x1184", "file": "images/pretty-blonde-woman-wearing-whit.2e16d0ba.fill-1920x1184.jpg", "width": 500, "height": 310, "focal_point_key": "2e16d0ba", "image": 15}}, {"model": "wagtailimages.rendition", "pk": 39, "fields": {"filter_spec": "fill-1920x1184", "file": "images/studio-portrait-emotional-happy-.2e16d0ba.fill-1920x1184.jpg", "width": 500, "height": 310, "focal_point_key": "2e16d0ba", "image": 16}}, {"model": "wagtailsearch.sqliteftsindexentry", "pk": 1, "fields": {"autocomplete": "volunteer-helping-with-donation-box", "title": "volunteer-helping-with-donation-box", "body": ""}}, {"model": "wagtailsearch.sqliteftsindexentry", "pk": 2, "fields": {"autocomplete": "volunteer-selecting-organizing-clothes-donations-charity", "title": "volunteer-selecting-organizing-clothes-donations-charity", "body": ""}}, {"model": "wagtailsearch.sqliteftsindexentry", "pk": 3, "fields": {"autocomplete": "medium-shot-people-collecting-donations", "title": "medium-shot-people-collecting-donations", "body": ""}}, {"model": "wagtailsearch.sqliteftsindexentry", "pk": 4, "fields": {"autocomplete": "Home", "title": "Home", "body": ""}}, {"model": "wagtailsearch.sqliteftsindexentry", "pk": 5, "fields": {"autocomplete": "hands", "title": "hands", "body": ""}}, {"model": "wagtailsearch.sqliteftsindexentry", "pk": 6, "fields": {"autocomplete": "heart", "title": "heart", "body": ""}}, {"model": "wagtailsearch.sqliteftsindexentry", "pk": 7, "fields": {"autocomplete": "receive", "title": "receive", "body": ""}}, {"model": "wagtailsearch.sqliteftsindexentry", "pk": 8, "fields": {"autocomplete": "scholarship", "title": "scholarship", "body": ""}}, {"model": "wagtailsearch.sqliteftsindexentry", "pk": 9, "fields": {"autocomplete": "group-people-volunteering-foodbank-poor-people", "title": "group-people-volunteering-foodbank-poor-people", "body": ""}}, {"model": "wagtailsearch.sqliteftsindexentry", "pk": 10, "fields": {"autocomplete": "portrait-volunteer-who-organized-donations-charity", "title": "portrait-volunteer-who-organized-donations-charity", "body": ""}}, {"model": "wagtailsearch.sqliteftsindexentry", "pk": 11, "fields": {"autocomplete": "african-woman-pouring-water-recipient-outdoors", "title": "african-woman-pouring-water-recipient-outdoors", "body": ""}}, {"model": "wagtailsearch.sqliteftsindexentry", "pk": 12, "fields": {"autocomplete": "group-african-kids-paying-attention-class", "title": "group-african-kids-paying-attention-class", "body": ""}}, {"model": "wagtailsearch.sqliteftsindexentry", "pk": 13, "fields": {"autocomplete": "poor-child-landfill-looks-forward-with-hope", "title": "poor-child-landfill-looks-forward-with-hope", "body": ""}}, {"model": "wagtailsearch.sqliteftsindexentry", "pk": 14, "fields": {"autocomplete": "portrait-beautiful-young-woman-standing-grey-wall", "title": "portrait-beautiful-young-woman-standing-grey-wall", "body": ""}}, {"model": "wagtailsearch.sqliteftsindexentry", "pk": 15, "fields": {"autocomplete": "portrait-young-redhead-bearded-male", "title": "portrait-young-redhead-bearded-male", "body": ""}}, {"model": "wagtailsearch.sqliteftsindexentry", "pk": 16, "fields": {"autocomplete": "pretty-blonde-woman-wearing-white-t-shirt", "title": "pretty-blonde-woman-wearing-white-t-shirt", "body": ""}}, {"model": "wagtailsearch.sqliteftsindexentry", "pk": 17, "fields": {"autocomplete": "studio-portrait-emotional-happy-funny", "title": "studio-portrait-emotional-happy-funny", "body": ""}}, {"model": "wagtailsearch.sqliteftsindexentry", "pk": 18, "fields": {"autocomplete": "Contact", "title": "Contact", "body": ""}}, {"model": "wagtailsearch.sqliteftsindexentry", "pk": 19, "fields": {"autocomplete": "Donations", "title": "Donations", "body": ""}}, {"model": "wagtailsearch.indexentry", "pk": 1, "fields": {"content_type": 6, "object_id": "1", "title_norm": 1.3, "autocomplete": "volunteer-helping-with-donation-box", "title": "volunteer-helping-with-donation-box", "body": ""}}, {"model": "wagtailsearch.indexentry", "pk": 2, "fields": {"content_type": 6, "object_id": "2", "title_norm": 0.8125, "autocomplete": "volunteer-selecting-organizing-clothes-donations-charity", "title": "volunteer-selecting-organizing-clothes-donations-charity", "body": ""}}, {"model": "wagtailsearch.indexentry", "pk": 3, "fields": {"content_type": 6, "object_id": "3", "title_norm": 1.1111111111111112, "autocomplete": "medium-shot-people-collecting-donations", "title": "medium-shot-people-collecting-donations", "body": ""}}, {"model": "wagtailsearch.indexentry", "pk": 4, "fields": {"content_type": 2, "object_id": "3", "title_norm": 8.375, "autocomplete": "Home", "title": "Home", "body": ""}}, {"model": "wagtailsearch.indexentry", "pk": 5, "fields": {"content_type": 6, "object_id": "4", "title_norm": 5.5600000000000005, "autocomplete": "hands", "title": "hands", "body": ""}}, {"model": "wagtailsearch.indexentry", "pk": 6, "fields": {"content_type": 6, "object_id": "5", "title_norm": 4.8, "autocomplete": "heart", "title": "heart", "body": ""}}, {"model": "wagtailsearch.indexentry", "pk": 7, "fields": {"content_type": 6, "object_id": "6", "title_norm": 3.0816326530612246, "autocomplete": "receive", "title": "receive", "body": ""}}, {"model": "wagtailsearch.indexentry", "pk": 8, "fields": {"content_type": 6, "object_id": "7", "title_norm": 1.8409090909090908, "autocomplete": "scholarship", "title": "scholarship", "body": ""}}, {"model": "wagtailsearch.indexentry", "pk": 9, "fields": {"content_type": 6, "object_id": "8", "title_norm": 0.5024154589371981, "autocomplete": "group-people-volunteering-foodbank-poor-people", "title": "group-people-volunteering-foodbank-poor-people", "body": ""}}, {"model": "wagtailsearch.indexentry", "pk": 10, "fields": {"content_type": 6, "object_id": "9", "title_norm": 0.516, "autocomplete": "portrait-volunteer-who-organized-donations-charity", "title": "portrait-volunteer-who-organized-donations-charity", "body": ""}}, {"model": "wagtailsearch.indexentry", "pk": 11, "fields": {"content_type": 6, "object_id": "10", "title_norm": 0.6007905138339921, "autocomplete": "african-woman-pouring-water-recipient-outdoors", "title": "african-woman-pouring-water-recipient-outdoors", "body": ""}}, {"model": "wagtailsearch.indexentry", "pk": 12, "fields": {"content_type": 6, "object_id": "11", "title_norm": 0.7012195121951219, "autocomplete": "group-african-kids-paying-attention-class", "title": "group-african-kids-paying-attention-class", "body": ""}}, {"model": "wagtailsearch.indexentry", "pk": 13, "fields": {"content_type": 6, "object_id": "12", "title_norm": 0.6940966010733453, "autocomplete": "poor-child-landfill-looks-forward-with-hope", "title": "poor-child-landfill-looks-forward-with-hope", "body": ""}}, {"model": "wagtailsearch.indexentry", "pk": 14, "fields": {"content_type": 6, "object_id": "13", "title_norm": 0.6370262390670555, "autocomplete": "portrait-beautiful-young-woman-standing-grey-wall", "title": "portrait-beautiful-young-woman-standing-grey-wall", "body": ""}}, {"model": "wagtailsearch.indexentry", "pk": 15, "fields": {"content_type": 6, "object_id": "14", "title_norm": 0.899047619047619, "autocomplete": "portrait-young-redhead-bearded-male", "title": "portrait-young-redhead-bearded-male", "body": ""}}, {"model": "wagtailsearch.indexentry", "pk": 16, "fields": {"content_type": 6, "object_id": "15", "title_norm": 0.7820121951219512, "autocomplete": "pretty-blonde-woman-wearing-white-t-shirt", "title": "pretty-blonde-woman-wearing-white-t-shirt", "body": ""}}, {"model": "wagtailsearch.indexentry", "pk": 17, "fields": {"content_type": 6, "object_id": "16", "title_norm": 0.8744038155802861, "autocomplete": "studio-portrait-emotional-happy-funny", "title": "studio-portrait-emotional-happy-funny", "body": ""}}, {"model": "wagtailsearch.indexentry", "pk": 18, "fields": {"content_type": 57, "object_id": "4", "title_norm": 3.111111111111111, "autocomplete": "Contact", "title": "Contact", "body": ""}}, {"model": "wagtailsearch.indexentry", "pk": 19, "fields": {"content_type": 57, "object_id": "5", "title_norm": 3.339181286549708, "autocomplete": "Donations", "title": "Donations", "body": ""}}, {"model": "wagtailcore.locale", "pk": 1, "fields": {"language_code": "en"}}, {"model": "wagtailcore.site", "pk": 2, "fields": {"hostname": "localhost", "port": 80, "site_name": "", "root_page": 3, "is_default_site": true}}, {"model": "wagtailcore.modellogentry", "pk": 1, "fields": {"content_type": 47, "label": "Agape Partners Network", "action": "wagtail.create", "data": {}, "timestamp": "2023-09-10T20:40:00.199Z", "uuid": "fd793897-0f55-492d-9544-0b322cbef2c7", "user": 1, "revision": null, "content_changed": true, "deleted": false, "object_id": "1"}}, {"model": "wagtailcore.modellogentry", "pk": 2, "fields": {"content_type": 48, "label": "twitter", "action": "wagtail.create", "data": {}, "timestamp": "2023-09-10T20:42:42.181Z", "uuid": "88ae22b6-2768-46a6-8670-71fd6a0ab5e8", "user": 1, "revision": null, "content_changed": true, "deleted": false, "object_id": "1"}}, {"model": "wagtailcore.modellogentry", "pk": 3, "fields": {"content_type": 48, "label": "facebook", "action": "wagtail.create", "data": {}, "timestamp": "2023-09-10T20:42:57.531Z", "uuid": "7836cc3a-6de5-4e6c-ae1c-2475102ea66b", "user": 1, "revision": null, "content_changed": true, "deleted": false, "object_id": "2"}}, {"model": "wagtailcore.modellogentry", "pk": 4, "fields": {"content_type": 48, "label": "instagram", "action": "wagtail.create", "data": {}, "timestamp": "2023-09-10T20:43:13.049Z", "uuid": "0d172990-8c01-42af-afbf-4c2ecd429377", "user": 1, "revision": null, "content_changed": true, "deleted": false, "object_id": "3"}}, {"model": "wagtailcore.modellogentry", "pk": 5, "fields": {"content_type": 48, "label": "youtube", "action": "wagtail.create", "data": {}, "timestamp": "2023-09-10T20:43:37.628Z", "uuid": "143422b0-0eac-47ca-9235-1127c3ce3152", "user": 1, "revision": null, "content_changed": true, "deleted": false, "object_id": "4"}}, {"model": "wagtailcore.modellogentry", "pk": 6, "fields": {"content_type": 49, "label": "Quick Links (footermenu)", "action": "wagtail.create", "data": {}, "timestamp": "2023-09-11T04:59:33.912Z", "uuid": "ecd3a0e5-7c90-4af5-a6bd-7aa0de53b90f", "user": 1, "revision": null, "content_changed": true, "deleted": false, "object_id": "1"}}, {"model": "wagtailcore.modellogentry", "pk": 7, "fields": {"content_type": 55, "label": "donate", "action": "wagtail.create", "data": {}, "timestamp": "2023-09-11T07:35:02.723Z", "uuid": "23212203-d0f7-43f6-b7c9-116d211035bd", "user": 1, "revision": null, "content_changed": true, "deleted": false, "object_id": "1"}}, {"model": "wagtailcore.modellogentry", "pk": 8, "fields": {"content_type": 53, "label": "Maria's Testimony", "action": "wagtail.create", "data": {}, "timestamp": "2023-09-12T03:15:48.035Z", "uuid": "436a3401-29cb-4fe2-9b04-305c6b84d816", "user": 1, "revision": null, "content_changed": true, "deleted": false, "object_id": "1"}}, {"model": "wagtailcore.modellogentry", "pk": 9, "fields": {"content_type": 53, "label": "Thomas's Testimony", "action": "wagtail.create", "data": {}, "timestamp": "2023-09-12T03:18:59.551Z", "uuid": "5ef3b68e-45f7-461e-8038-7b9fa9a76deb", "user": 1, "revision": null, "content_changed": true, "deleted": false, "object_id": "2"}}, {"model": "wagtailcore.modellogentry", "pk": 10, "fields": {"content_type": 53, "label": "Jane's Testimony", "action": "wagtail.create", "data": {}, "timestamp": "2023-09-12T03:21:01.732Z", "uuid": "4d8171c9-1bd5-4f8b-a96e-79f7b132761b", "user": 1, "revision": null, "content_changed": true, "deleted": false, "object_id": "3"}}, {"model": "wagtailcore.modellogentry", "pk": 11, "fields": {"content_type": 53, "label": "Bob's Testimony", "action": "wagtail.create", "data": {}, "timestamp": "2023-09-12T03:22:18.579Z", "uuid": "e5337a15-e66f-4541-b708-8a9e1f8f9701", "user": 1, "revision": null, "content_changed": true, "deleted": false, "object_id": "4"}}, {"model": "wagtailcore.collection", "pk": 1, "fields": {"path": "0001", "depth": 1, "numchild": 0, "name": "Root"}}, {"model": "wagtailcore.groupcollectionpermission", "pk": 1, "fields": {"group": 2, "collection": 1, "permission": 2}}, {"model": "wagtailcore.groupcollectionpermission", "pk": 2, "fields": {"group": 1, "collection": 1, "permission": 2}}, {"model": "wagtailcore.groupcollectionpermission", "pk": 3, "fields": {"group": 2, "collection": 1, "permission": 3}}, {"model": "wagtailcore.groupcollectionpermission", "pk": 4, "fields": {"group": 1, "collection": 1, "permission": 3}}, {"model": "wagtailcore.groupcollectionpermission", "pk": 5, "fields": {"group": 2, "collection": 1, "permission": 5}}, {"model": "wagtailcore.groupcollectionpermission", "pk": 6, "fields": {"group": 1, "collection": 1, "permission": 5}}, {"model": "wagtailcore.groupcollectionpermission", "pk": 7, "fields": {"group": 2, "collection": 1, "permission": 6}}, {"model": "wagtailcore.groupcollectionpermission", "pk": 8, "fields": {"group": 1, "collection": 1, "permission": 6}}, {"model": "wagtailcore.groupcollectionpermission", "pk": 9, "fields": {"group": 2, "collection": 1, "permission": 7}}, {"model": "wagtailcore.groupcollectionpermission", "pk": 10, "fields": {"group": 1, "collection": 1, "permission": 7}}, {"model": "wagtailcore.groupcollectionpermission", "pk": 11, "fields": {"group": 2, "collection": 1, "permission": 9}}, {"model": "wagtailcore.groupcollectionpermission", "pk": 12, "fields": {"group": 1, "collection": 1, "permission": 9}}, {"model": "wagtailcore.referenceindex", "pk": 1, "fields": {"content_type": 6, "base_content_type": 6, "object_id": "1", "to_content_type": 21, "to_object_id": "1", "model_path": "collection", "content_path": "collection", "content_path_hash": "b40b1263-e929-57f2-a7f8-9dbce56b887b"}}, {"model": "wagtailcore.referenceindex", "pk": 2, "fields": {"content_type": 6, "base_content_type": 6, "object_id": "2", "to_content_type": 21, "to_object_id": "1", "model_path": "collection", "content_path": "collection", "content_path_hash": "b40b1263-e929-57f2-a7f8-9dbce56b887b"}}, {"model": "wagtailcore.referenceindex", "pk": 3, "fields": {"content_type": 6, "base_content_type": 6, "object_id": "3", "to_content_type": 21, "to_object_id": "1", "model_path": "collection", "content_path": "collection", "content_path_hash": "b40b1263-e929-57f2-a7f8-9dbce56b887b"}}, {"model": "wagtailcore.referenceindex", "pk": 7, "fields": {"content_type": 2, "base_content_type": 1, "object_id": "3", "to_content_type": 6, "to_object_id": "2", "model_path": "carousel.item.image", "content_path": "carousel.1.image", "content_path_hash": "3b76c1ab-2fd6-576a-92c3-379a21df6034"}}, {"model": "wagtailcore.referenceindex", "pk": 8, "fields": {"content_type": 2, "base_content_type": 1, "object_id": "3", "to_content_type": 6, "to_object_id": "3", "model_path": "carousel.item.image", "content_path": "carousel.2.image", "content_path_hash": "2fa1b0d7-824a-5cbf-9cc5-6acccb4ae609"}}, {"model": "wagtailcore.referenceindex", "pk": 9, "fields": {"content_type": 2, "base_content_type": 1, "object_id": "3", "to_content_type": 6, "to_object_id": "1", "model_path": "carousel.item.image", "content_path": "carousel.3.image", "content_path_hash": "9750e2a4-1401-5959-8d8c-0ba919fb63a4"}}, {"model": "wagtailcore.referenceindex", "pk": 10, "fields": {"content_type": 51, "base_content_type": 51, "object_id": "1", "to_content_type": 1, "to_object_id": "3", "model_path": "menu_items.item.link_page", "content_path": "menu_items.1.link_page", "content_path_hash": "89565392-45d8-5313-b0fe-fa69fdcfd6e3"}}, {"model": "wagtailcore.referenceindex", "pk": 11, "fields": {"content_type": 49, "base_content_type": 49, "object_id": "1", "to_content_type": 20, "to_object_id": "2", "model_path": "site", "content_path": "site", "content_path_hash": "108c2ea7-9201-5d0b-9621-2f6ef5216d9f"}}, {"model": "wagtailcore.referenceindex", "pk": 12, "fields": {"content_type": 49, "base_content_type": 49, "object_id": "1", "to_content_type": 1, "to_object_id": "3", "model_path": "menu_items.item.link_page", "content_path": "menu_items.1.link_page", "content_path_hash": "89565392-45d8-5313-b0fe-fa69fdcfd6e3"}}, {"model": "wagtailcore.referenceindex", "pk": 14, "fields": {"content_type": 49, "base_content_type": 49, "object_id": "1", "to_content_type": 1, "to_object_id": "3", "model_path": "menu_items.item.link_page", "content_path": "menu_items.2.link_page", "content_path_hash": "66a7c865-23fe-573e-912c-6883cb26a5c0"}}, {"model": "wagtailcore.referenceindex", "pk": 15, "fields": {"content_type": 49, "base_content_type": 49, "object_id": "1", "to_content_type": 1, "to_object_id": "3", "model_path": "menu_items.item.link_page", "content_path": "menu_items.3.link_page", "content_path_hash": "d746fa2d-06e4-5943-be54-df3eb4fab85f"}}, {"model": "wagtailcore.referenceindex", "pk": 16, "fields": {"content_type": 49, "base_content_type": 49, "object_id": "1", "to_content_type": 1, "to_object_id": "3", "model_path": "menu_items.item.link_page", "content_path": "menu_items.4.link_page", "content_path_hash": "4c50d8db-d001-5cec-87f5-771740847a43"}}, {"model": "wagtailcore.referenceindex", "pk": 17, "fields": {"content_type": 49, "base_content_type": 49, "object_id": "1", "to_content_type": 1, "to_object_id": "3", "model_path": "menu_items.item.link_page", "content_path": "menu_items.5.link_page", "content_path_hash": "99dae278-c767-5775-ab00-d9399236ddcb"}}, {"model": "wagtailcore.referenceindex", "pk": 19, "fields": {"content_type": 51, "base_content_type": 51, "object_id": "1", "to_content_type": 1, "to_object_id": "3", "model_path": "menu_items.item.link_page", "content_path": "menu_items.2.link_page", "content_path_hash": "66a7c865-23fe-573e-912c-6883cb26a5c0"}}, {"model": "wagtailcore.referenceindex", "pk": 20, "fields": {"content_type": 51, "base_content_type": 51, "object_id": "1", "to_content_type": 1, "to_object_id": "3", "model_path": "menu_items.item.link_page", "content_path": "menu_items.3.link_page", "content_path_hash": "d746fa2d-06e4-5943-be54-df3eb4fab85f"}}, {"model": "wagtailcore.referenceindex", "pk": 21, "fields": {"content_type": 51, "base_content_type": 51, "object_id": "1", "to_content_type": 1, "to_object_id": "3", "model_path": "menu_items.item.link_page", "content_path": "menu_items.4.link_page", "content_path_hash": "4c50d8db-d001-5cec-87f5-771740847a43"}}, {"model": "wagtailcore.referenceindex", "pk": 23, "fields": {"content_type": 51, "base_content_type": 51, "object_id": "1", "to_content_type": 1, "to_object_id": "3", "model_path": "menu_items.item.link_page", "content_path": "menu_items.5.link_page", "content_path_hash": "99dae278-c767-5775-ab00-d9399236ddcb"}}, {"model": "wagtailcore.referenceindex", "pk": 25, "fields": {"content_type": 55, "base_content_type": 55, "object_id": "1", "to_content_type": 1, "to_object_id": "3", "model_path": "link_page", "content_path": "link_page", "content_path_hash": "661579f7-f9b4-5c39-96d5-4ff08c138c4e"}}, {"model": "wagtailcore.referenceindex", "pk": 26, "fields": {"content_type": 6, "base_content_type": 6, "object_id": "4", "to_content_type": 21, "to_object_id": "1", "model_path": "collection", "content_path": "collection", "content_path_hash": "b40b1263-e929-57f2-a7f8-9dbce56b887b"}}, {"model": "wagtailcore.referenceindex", "pk": 27, "fields": {"content_type": 6, "base_content_type": 6, "object_id": "5", "to_content_type": 21, "to_object_id": "1", "model_path": "collection", "content_path": "collection", "content_path_hash": "b40b1263-e929-57f2-a7f8-9dbce56b887b"}}, {"model": "wagtailcore.referenceindex", "pk": 28, "fields": {"content_type": 6, "base_content_type": 6, "object_id": "6", "to_content_type": 21, "to_object_id": "1", "model_path": "collection", "content_path": "collection", "content_path_hash": "b40b1263-e929-57f2-a7f8-9dbce56b887b"}}, {"model": "wagtailcore.referenceindex", "pk": 29, "fields": {"content_type": 6, "base_content_type": 6, "object_id": "7", "to_content_type": 21, "to_object_id": "1", "model_path": "collection", "content_path": "collection", "content_path_hash": "b40b1263-e929-57f2-a7f8-9dbce56b887b"}}, {"model": "wagtailcore.referenceindex", "pk": 30, "fields": {"content_type": 2, "base_content_type": 1, "object_id": "3", "to_content_type": 1, "to_object_id": "3", "model_path": "body.welcome.action_block.item.link_page", "content_path": "body.c1011dfb-c2db-4c2a-b663-03b2c45099de.action_block.6e3625f0-11d7-499e-b584-d0f93660610b.link_page", "content_path_hash": "ed119f96-14b4-57d4-928f-926603dd9512"}}, {"model": "wagtailcore.referenceindex", "pk": 31, "fields": {"content_type": 2, "base_content_type": 1, "object_id": "3", "to_content_type": 6, "to_object_id": "7", "model_path": "body.welcome.action_block.item.icon", "content_path": "body.c1011dfb-c2db-4c2a-b663-03b2c45099de.action_block.431646bc-7425-426e-bbe3-6c53c97a90b3.icon", "content_path_hash": "9e0570fd-0f77-5254-8e4e-317ca04127f4"}}, {"model": "wagtailcore.referenceindex", "pk": 32, "fields": {"content_type": 2, "base_content_type": 1, "object_id": "3", "to_content_type": 1, "to_object_id": "3", "model_path": "body.welcome.action_block.item.link_page", "content_path": "body.c1011dfb-c2db-4c2a-b663-03b2c45099de.action_block.05d08a6f-cbc1-4d93-8ca0-d7bbf554916b.link_page", "content_path_hash": "05f43c7b-f9c3-59be-8e1e-dd8dcfe6b9c7"}}, {"model": "wagtailcore.referenceindex", "pk": 33, "fields": {"content_type": 2, "base_content_type": 1, "object_id": "3", "to_content_type": 6, "to_object_id": "6", "model_path": "body.welcome.action_block.item.icon", "content_path": "body.c1011dfb-c2db-4c2a-b663-03b2c45099de.action_block.05d08a6f-cbc1-4d93-8ca0-d7bbf554916b.icon", "content_path_hash": "6bf191fe-26c6-5b62-8213-4c04ee813309"}}, {"model": "wagtailcore.referenceindex", "pk": 34, "fields": {"content_type": 2, "base_content_type": 1, "object_id": "3", "to_content_type": 6, "to_object_id": "5", "model_path": "body.welcome.action_block.item.icon", "content_path": "body.c1011dfb-c2db-4c2a-b663-03b2c45099de.action_block.ce1d2993-6784-4b60-bee8-8fc8f93e2135.icon", "content_path_hash": "1df1702a-561d-59e1-a729-f2f4ef54ab12"}}, {"model": "wagtailcore.referenceindex", "pk": 35, "fields": {"content_type": 2, "base_content_type": 1, "object_id": "3", "to_content_type": 1, "to_object_id": "3", "model_path": "body.welcome.action_block.item.link_page", "content_path": "body.c1011dfb-c2db-4c2a-b663-03b2c45099de.action_block.431646bc-7425-426e-bbe3-6c53c97a90b3.link_page", "content_path_hash": "282e4d19-b4a5-52ab-b637-75619c100aa1"}}, {"model": "wagtailcore.referenceindex", "pk": 36, "fields": {"content_type": 2, "base_content_type": 1, "object_id": "3", "to_content_type": 6, "to_object_id": "4", "model_path": "body.welcome.action_block.item.icon", "content_path": "body.c1011dfb-c2db-4c2a-b663-03b2c45099de.action_block.6e3625f0-11d7-499e-b584-d0f93660610b.icon", "content_path_hash": "b33d5b98-e986-5c0d-923f-3ce1e17dbed3"}}, {"model": "wagtailcore.referenceindex", "pk": 37, "fields": {"content_type": 2, "base_content_type": 1, "object_id": "3", "to_content_type": 1, "to_object_id": "3", "model_path": "body.welcome.action_block.item.link_page", "content_path": "body.c1011dfb-c2db-4c2a-b663-03b2c45099de.action_block.ce1d2993-6784-4b60-bee8-8fc8f93e2135.link_page", "content_path_hash": "ff34697a-c3b7-5f92-a06b-18eb06918f02"}}, {"model": "wagtailcore.referenceindex", "pk": 38, "fields": {"content_type": 6, "base_content_type": 6, "object_id": "8", "to_content_type": 21, "to_object_id": "1", "model_path": "collection", "content_path": "collection", "content_path_hash": "b40b1263-e929-57f2-a7f8-9dbce56b887b"}}, {"model": "wagtailcore.referenceindex", "pk": 39, "fields": {"content_type": 6, "base_content_type": 6, "object_id": "9", "to_content_type": 21, "to_object_id": "1", "model_path": "collection", "content_path": "collection", "content_path_hash": "b40b1263-e929-57f2-a7f8-9dbce56b887b"}}, {"model": "wagtailcore.referenceindex", "pk": 40, "fields": {"content_type": 2, "base_content_type": 1, "object_id": "3", "to_content_type": 6, "to_object_id": "8", "model_path": "body.about.mission_vision.image", "content_path": "body.900d67f4-2aa8-4f0b-9ddc-4870fd7f210a.mission_vision.image", "content_path_hash": "0621cb4c-9938-54e2-87c1-c4f629d3c73e"}}, {"model": "wagtailcore.referenceindex", "pk": 42, "fields": {"content_type": 6, "base_content_type": 6, "object_id": "10", "to_content_type": 21, "to_object_id": "1", "model_path": "collection", "content_path": "collection", "content_path_hash": "b40b1263-e929-57f2-a7f8-9dbce56b887b"}}, {"model": "wagtailcore.referenceindex", "pk": 43, "fields": {"content_type": 6, "base_content_type": 6, "object_id": "11", "to_content_type": 21, "to_object_id": "1", "model_path": "collection", "content_path": "collection", "content_path_hash": "b40b1263-e929-57f2-a7f8-9dbce56b887b"}}, {"model": "wagtailcore.referenceindex", "pk": 44, "fields": {"content_type": 6, "base_content_type": 6, "object_id": "12", "to_content_type": 21, "to_object_id": "1", "model_path": "collection", "content_path": "collection", "content_path_hash": "b40b1263-e929-57f2-a7f8-9dbce56b887b"}}, {"model": "wagtailcore.referenceindex", "pk": 45, "fields": {"content_type": 2, "base_content_type": 1, "object_id": "3", "to_content_type": 6, "to_object_id": "11", "model_path": "body.services.content.item.image", "content_path": "body.c22ced0a-9212-41b4-8eaf-1c3d1366c44b.content.b761efb6-b197-4cfd-b68d-d950c6d936ee.image", "content_path_hash": "5d797d38-c499-5992-8e66-d1a8c0c85995"}}, {"model": "wagtailcore.referenceindex", "pk": 46, "fields": {"content_type": 2, "base_content_type": 1, "object_id": "3", "to_content_type": 6, "to_object_id": "12", "model_path": "body.services.content.item.image", "content_path": "body.c22ced0a-9212-41b4-8eaf-1c3d1366c44b.content.7b1967f8-22f3-4712-b11b-c6628e4ae030.image", "content_path_hash": "d035f295-18c3-56e0-83eb-ddf3afc20b6a"}}, {"model": "wagtailcore.referenceindex", "pk": 47, "fields": {"content_type": 2, "base_content_type": 1, "object_id": "3", "to_content_type": 1, "to_object_id": "3", "model_path": "body.services.content.item.campaign_page", "content_path": "body.c22ced0a-9212-41b4-8eaf-1c3d1366c44b.content.b761efb6-b197-4cfd-b68d-d950c6d936ee.campaign_page", "content_path_hash": "94a4482a-4fc5-5160-92a5-209356259acc"}}, {"model": "wagtailcore.referenceindex", "pk": 48, "fields": {"content_type": 2, "base_content_type": 1, "object_id": "3", "to_content_type": 6, "to_object_id": "10", "model_path": "body.services.content.item.image", "content_path": "body.c22ced0a-9212-41b4-8eaf-1c3d1366c44b.content.c9df7fc3-2e92-4a94-9a0d-1251bfdfd3a3.image", "content_path_hash": "9191eaca-1935-5237-a842-a78c9597c391"}}, {"model": "wagtailcore.referenceindex", "pk": 49, "fields": {"content_type": 2, "base_content_type": 1, "object_id": "3", "to_content_type": 6, "to_object_id": "9", "model_path": "body.about.founding_partner.photo", "content_path": "body.900d67f4-2aa8-4f0b-9ddc-4870fd7f210a.founding_partner.photo", "content_path_hash": "ee0439d6-fbbe-5805-950b-51b87269ce10"}}, {"model": "wagtailcore.referenceindex", "pk": 50, "fields": {"content_type": 2, "base_content_type": 1, "object_id": "3", "to_content_type": 1, "to_object_id": "3", "model_path": "body.services.content.item.campaign_page", "content_path": "body.c22ced0a-9212-41b4-8eaf-1c3d1366c44b.content.7b1967f8-22f3-4712-b11b-c6628e4ae030.campaign_page", "content_path_hash": "9d9a88c3-94d0-50d5-b196-6a0bc37ae0f9"}}, {"model": "wagtailcore.referenceindex", "pk": 51, "fields": {"content_type": 2, "base_content_type": 1, "object_id": "3", "to_content_type": 1, "to_object_id": "3", "model_path": "body.services.content.item.campaign_page", "content_path": "body.c22ced0a-9212-41b4-8eaf-1c3d1366c44b.content.c9df7fc3-2e92-4a94-9a0d-1251bfdfd3a3.campaign_page", "content_path_hash": "3ab00671-7c5b-5b37-a23f-21404ee284c8"}}, {"model": "wagtailcore.referenceindex", "pk": 52, "fields": {"content_type": 6, "base_content_type": 6, "object_id": "13", "to_content_type": 21, "to_object_id": "1", "model_path": "collection", "content_path": "collection", "content_path_hash": "b40b1263-e929-57f2-a7f8-9dbce56b887b"}}, {"model": "wagtailcore.referenceindex", "pk": 53, "fields": {"content_type": 2, "base_content_type": 1, "object_id": "3", "to_content_type": 6, "to_object_id": "13", "model_path": "testimonial.item.testifiers_photo", "content_path": "testimonial.1.testifiers_photo", "content_path_hash": "89acbc80-966e-5df1-ba09-7616525fa057"}}, {"model": "wagtailcore.referenceindex", "pk": 54, "fields": {"content_type": 6, "base_content_type": 6, "object_id": "14", "to_content_type": 21, "to_object_id": "1", "model_path": "collection", "content_path": "collection", "content_path_hash": "b40b1263-e929-57f2-a7f8-9dbce56b887b"}}, {"model": "wagtailcore.referenceindex", "pk": 55, "fields": {"content_type": 2, "base_content_type": 1, "object_id": "3", "to_content_type": 6, "to_object_id": "14", "model_path": "testimonial.item.testifiers_photo", "content_path": "testimonial.2.testifiers_photo", "content_path_hash": "9c1f4040-6ffd-5d88-b9ab-e33b18b6c945"}}, {"model": "wagtailcore.referenceindex", "pk": 56, "fields": {"content_type": 6, "base_content_type": 6, "object_id": "15", "to_content_type": 21, "to_object_id": "1", "model_path": "collection", "content_path": "collection", "content_path_hash": "b40b1263-e929-57f2-a7f8-9dbce56b887b"}}, {"model": "wagtailcore.referenceindex", "pk": 57, "fields": {"content_type": 2, "base_content_type": 1, "object_id": "3", "to_content_type": 6, "to_object_id": "15", "model_path": "testimonial.item.testifiers_photo", "content_path": "testimonial.3.testifiers_photo", "content_path_hash": "b30d7488-5eb8-5d54-bab7-d8bd418ec713"}}, {"model": "wagtailcore.referenceindex", "pk": 58, "fields": {"content_type": 6, "base_content_type": 6, "object_id": "16", "to_content_type": 21, "to_object_id": "1", "model_path": "collection", "content_path": "collection", "content_path_hash": "b40b1263-e929-57f2-a7f8-9dbce56b887b"}}, {"model": "wagtailcore.referenceindex", "pk": 59, "fields": {"content_type": 2, "base_content_type": 1, "object_id": "3", "to_content_type": 6, "to_object_id": "16", "model_path": "testimonial.item.testifiers_photo", "content_path": "testimonial.4.testifiers_photo", "content_path_hash": "af92a7a0-2aef-59e3-b23e-4bdbd7a79ddc"}}, {"model": "wagtailcore.referenceindex", "pk": 60, "fields": {"content_type": 51, "base_content_type": 51, "object_id": "1", "to_content_type": 1, "to_object_id": "4", "model_path": "menu_items.item.link_page", "content_path": "menu_items.6.link_page", "content_path_hash": "8b83ee6a-f460-5ee9-bb6e-f9344a035479"}}, {"model": "wagtailcore.page", "pk": 1, "fields": {"path": "0001", "depth": 1, "numchild": 1, "translation_key": "7694f46c-e341-4610-a42d-de248648a1ed", "locale": 1, "latest_revision": null, "live": true, "has_unpublished_changes": false, "first_published_at": null, "last_published_at": null, "live_revision": null, "go_live_at": null, "expire_at": null, "expired": false, "locked": false, "locked_at": null, "locked_by": null, "title": "Root", "draft_title": "Root", "slug": "root", "content_type": 1, "url_path": "/", "owner": null, "seo_title": "", "show_in_menus": false, "search_description": "", "latest_revision_created_at": null, "alias_of": null}}, {"model": "wagtailcore.page", "pk": 3, "fields": {"path": "00010001", "depth": 2, "numchild": 2, "translation_key": "167b3c90-6b8f-4966-8d22-3c4b610b0644", "locale": 1, "latest_revision": 10, "live": true, "has_unpublished_changes": false, "first_published_at": "2023-09-11T00:15:05.436Z", "last_published_at": "2023-09-12T02:57:34.029Z", "live_revision": 10, "go_live_at": null, "expire_at": null, "expired": false, "locked": false, "locked_at": null, "locked_by": null, "title": "Home", "draft_title": "Home", "slug": "home", "content_type": 2, "url_path": "/home/", "owner": null, "seo_title": "", "show_in_menus": true, "search_description": "", "latest_revision_created_at": "2023-09-12T02:57:33.954Z", "alias_of": null}}, {"model": "wagtailcore.page", "pk": 4, "fields": {"path": "000100010001", "depth": 3, "numchild": 0, "translation_key": "b30a52f4-8c61-4223-896e-bff09ac37546", "locale": 1, "latest_revision": 16, "live": true, "has_unpublished_changes": false, "first_published_at": "2023-09-12T06:58:17.503Z", "last_published_at": "2023-09-12T10:38:39.129Z", "live_revision": 16, "go_live_at": null, "expire_at": null, "expired": false, "locked": false, "locked_at": null, "locked_by": null, "title": "Contact", "draft_title": "Contact", "slug": "contact-us", "content_type": 57, "url_path": "/home/contact-us/", "owner": 1, "seo_title": "", "show_in_menus": true, "search_description": "", "latest_revision_created_at": "2023-09-12T10:38:39.033Z", "alias_of": null}}, {"model": "wagtailcore.page", "pk": 5, "fields": {"path": "000100010002", "depth": 3, "numchild": 0, "translation_key": "39afaada-432d-4ecf-9e6d-6bb286010b1d", "locale": 1, "latest_revision": 17, "live": true, "has_unpublished_changes": false, "first_published_at": "2023-09-12T10:08:45.760Z", "last_published_at": "2023-09-12T10:38:56.302Z", "live_revision": 17, "go_live_at": null, "expire_at": null, "expired": false, "locked": false, "locked_at": null, "locked_by": null, "title": "Donations", "draft_title": "Donations", "slug": "donations", "content_type": 57, "url_path": "/home/donations/", "owner": 1, "seo_title": "", "show_in_menus": true, "search_description": "", "latest_revision_created_at": "2023-09-12T10:38:56.214Z", "alias_of": null}}, {"model": "wagtailcore.revision", "pk": 1, "fields": {"content_type": 2, "base_content_type": 1, "object_id": "3", "submitted_for_moderation": false, "created_at": "2023-09-11T00:14:30.007Z", "user": 1, "object_str": "Home", "content": {"pk": 3, "path": "00010001", "depth": 2, "numchild": 0, "translation_key": "167b3c90-6b8f-4966-8d22-3c4b610b0644", "locale": 1, "latest_revision": null, "live": true, "has_unpublished_changes": false, "first_published_at": null, "last_published_at": null, "live_revision": null, "go_live_at": null, "expire_at": null, "expired": false, "locked": false, "locked_at": null, "locked_by": null, "title": "Home", "draft_title": "Home", "slug": "home", "content_type": 2, "url_path": "/home/", "owner": null, "seo_title": "", "show_in_menus": false, "search_description": "", "latest_revision_created_at": null, "alias_of": null, "wagtail_admin_comments": [], "carousel": [{"pk": null, "sort_order": 0, "page": 3, "title": "Non-profit", "sub_title": "You can support us to grow more", "image": 2}, {"pk": null, "sort_order": 1, "page": 3, "title": "Humanity", "sub_title": "Please tell your friends about our website", "image": 3}, {"pk": null, "sort_order": 2, "page": 3, "title": "be a Kind Heart", "sub_title": "Professional charity theme based on Bootstrap 5.2.2", "image": 1}], "testimonial": []}, "approved_go_live_at": null}}, {"model": "wagtailcore.revision", "pk": 2, "fields": {"content_type": 2, "base_content_type": 1, "object_id": "3", "submitted_for_moderation": false, "created_at": "2023-09-11T00:15:05.348Z", "user": 1, "object_str": "Home", "content": {"pk": 3, "path": "00010001", "depth": 2, "numchild": 0, "translation_key": "167b3c90-6b8f-4966-8d22-3c4b610b0644", "locale": 1, "latest_revision": 1, "live": true, "has_unpublished_changes": true, "first_published_at": null, "last_published_at": null, "live_revision": null, "go_live_at": null, "expire_at": null, "expired": false, "locked": false, "locked_at": null, "locked_by": null, "title": "Home", "draft_title": "Home", "slug": "home", "content_type": 2, "url_path": "/home/", "owner": null, "seo_title": "", "show_in_menus": false, "search_description": "", "latest_revision_created_at": "2023-09-11T00:14:30.007Z", "alias_of": null, "wagtail_admin_comments": [], "carousel": [{"pk": null, "sort_order": 0, "page": 3, "title": "Non-profit", "sub_title": "You can support us to grow more", "image": 2}, {"pk": null, "sort_order": 1, "page": 3, "title": "Humanity", "sub_title": "Please tell your friends about our website", "image": 3}, {"pk": null, "sort_order": 2, "page": 3, "title": "be a Kind Heart", "sub_title": "Professional charity theme based on Bootstrap 5.2.2", "image": 1}], "testimonial": []}, "approved_go_live_at": null}}, {"model": "wagtailcore.revision", "pk": 3, "fields": {"content_type": 2, "base_content_type": 1, "object_id": "3", "submitted_for_moderation": false, "created_at": "2023-09-11T00:21:08.455Z", "user": 1, "object_str": "Home", "content": {"pk": 3, "path": "00010001", "depth": 2, "numchild": 0, "translation_key": "167b3c90-6b8f-4966-8d22-3c4b610b0644", "locale": 1, "latest_revision": 2, "live": true, "has_unpublished_changes": false, "first_published_at": "2023-09-11T00:15:05.436Z", "last_published_at": "2023-09-11T00:15:05.436Z", "live_revision": 2, "go_live_at": null, "expire_at": null, "expired": false, "locked": false, "locked_at": null, "locked_by": null, "title": "Home", "draft_title": "Home", "slug": "home", "content_type": 2, "url_path": "/home/", "owner": null, "seo_title": "", "show_in_menus": true, "search_description": "", "latest_revision_created_at": "2023-09-11T00:15:05.348Z", "alias_of": null, "wagtail_admin_comments": [], "carousel": [{"pk": 1, "sort_order": 0, "page": 3, "title": "Non-profit", "sub_title": "You can support us to grow more", "image": 2}, {"pk": 2, "sort_order": 1, "page": 3, "title": "Humanity", "sub_title": "Please tell your friends about our website", "image": 3}, {"pk": 3, "sort_order": 2, "page": 3, "title": "be a Kind Heart", "sub_title": "Professional charity theme based on Bootstrap 5.2.2", "image": 1}], "testimonial": []}, "approved_go_live_at": null}}, {"model": "wagtailcore.revision", "pk": 4, "fields": {"content_type": 2, "base_content_type": 1, "object_id": "3", "submitted_for_moderation": false, "created_at": "2023-09-11T12:56:40.340Z", "user": 1, "object_str": "Home", "content": {"pk": 3, "path": "00010001", "depth": 2, "numchild": 0, "translation_key": "167b3c90-6b8f-4966-8d22-3c4b610b0644", "locale": 1, "latest_revision": 3, "live": true, "has_unpublished_changes": false, "first_published_at": "2023-09-11T00:15:05.436Z", "last_published_at": "2023-09-11T00:21:08.575Z", "live_revision": 3, "go_live_at": null, "expire_at": null, "expired": false, "locked": false, "locked_at": null, "locked_by": null, "title": "Home", "draft_title": "Home", "slug": "home", "content_type": 2, "url_path": "/home/", "owner": null, "seo_title": "", "show_in_menus": true, "search_description": "", "latest_revision_created_at": "2023-09-11T00:21:08.455Z", "alias_of": null, "body": "[{\"type\": \"welcome\", \"value\": {\"action_block\": [{\"type\": \"item\", \"value\": {\"pos\": 1, \"icon\": 4, \"action_name\": \"<p data-block-key=\\\"khrdn\\\">Become a <b>volunteer</b></p>\", \"link_page\": 3}, \"id\": \"6e3625f0-11d7-499e-b584-d0f93660610b\"}, {\"type\": \"item\", \"value\": {\"pos\": 2, \"icon\": 5, \"action_name\": \"<p data-block-key=\\\"6ljih\\\"><b>Partner</b> with Us</p>\", \"link_page\": 3}, \"id\": \"ce1d2993-6784-4b60-bee8-8fc8f93e2135\"}, {\"type\": \"item\", \"value\": {\"pos\": 3, \"icon\": 6, \"action_name\": \"<p data-block-key=\\\"6ljih\\\">Make a <b>Donation</b></p>\", \"link_page\": 3}, \"id\": \"05d08a6f-cbc1-4d93-8ca0-d7bbf554916b\"}, {\"type\": \"item\", \"value\": {\"pos\": 4, \"icon\": 7, \"action_name\": \"<p data-block-key=\\\"6ljih\\\"><b>Scholarship</b> Program</p>\", \"link_page\": 3}, \"id\": \"431646bc-7425-426e-bbe3-6c53c97a90b3\"}]}, \"id\": \"c1011dfb-c2db-4c2a-b663-03b2c45099de\"}]", "wagtail_admin_comments": [], "carousel": [{"pk": 1, "sort_order": 0, "page": 3, "title": "Non-profit", "sub_title": "You can support us to grow more", "image": 2}, {"pk": 2, "sort_order": 1, "page": 3, "title": "Humanity", "sub_title": "Please tell your friends about our website", "image": 3}, {"pk": 3, "sort_order": 2, "page": 3, "title": "be a Kind Heart", "sub_title": "Professional charity theme based on Bootstrap 5.2.2", "image": 1}], "testimonial": []}, "approved_go_live_at": null}}, {"model": "wagtailcore.revision", "pk": 5, "fields": {"content_type": 2, "base_content_type": 1, "object_id": "3", "submitted_for_moderation": false, "created_at": "2023-09-11T14:13:48.311Z", "user": 1, "object_str": "Home", "content": {"pk": 3, "path": "00010001", "depth": 2, "numchild": 0, "translation_key": "167b3c90-6b8f-4966-8d22-3c4b610b0644", "locale": 1, "latest_revision": 4, "live": true, "has_unpublished_changes": false, "first_published_at": "2023-09-11T00:15:05.436Z", "last_published_at": "2023-09-11T12:56:40.410Z", "live_revision": 4, "go_live_at": null, "expire_at": null, "expired": false, "locked": false, "locked_at": null, "locked_by": null, "title": "Home", "draft_title": "Home", "slug": "home", "content_type": 2, "url_path": "/home/", "owner": null, "seo_title": "", "show_in_menus": true, "search_description": "", "latest_revision_created_at": "2023-09-11T12:56:40.340Z", "alias_of": null, "body": "[{\"type\": \"welcome\", \"value\": {\"action_block\": [{\"type\": \"item\", \"value\": {\"pos\": 1, \"icon\": 4, \"action_name\": \"<p data-block-key=\\\"khrdn\\\">Become a &lt;strong&gt;volunteer&lt;/strong&gt;</p>\", \"link_page\": 3}, \"id\": \"6e3625f0-11d7-499e-b584-d0f93660610b\"}, {\"type\": \"item\", \"value\": {\"pos\": 2, \"icon\": 5, \"action_name\": \"<p data-block-key=\\\"6ljih\\\"><b>Partner</b> with Us</p>\", \"link_page\": 3}, \"id\": \"ce1d2993-6784-4b60-bee8-8fc8f93e2135\"}, {\"type\": \"item\", \"value\": {\"pos\": 3, \"icon\": 6, \"action_name\": \"<p data-block-key=\\\"6ljih\\\">Make a <b>Donation</b></p>\", \"link_page\": 3}, \"id\": \"05d08a6f-cbc1-4d93-8ca0-d7bbf554916b\"}, {\"type\": \"item\", \"value\": {\"pos\": 4, \"icon\": 7, \"action_name\": \"<p data-block-key=\\\"6ljih\\\"><b>Scholarship</b> Program</p>\", \"link_page\": 3}, \"id\": \"431646bc-7425-426e-bbe3-6c53c97a90b3\"}]}, \"id\": \"c1011dfb-c2db-4c2a-b663-03b2c45099de\"}]", "wagtail_admin_comments": [], "carousel": [{"pk": 1, "sort_order": 0, "page": 3, "title": "Non-profit", "sub_title": "You can support us to grow more", "image": 2}, {"pk": 2, "sort_order": 1, "page": 3, "title": "Humanity", "sub_title": "Please tell your friends about our website", "image": 3}, {"pk": 3, "sort_order": 2, "page": 3, "title": "be a Kind Heart", "sub_title": "Professional charity theme based on Bootstrap 5.2.2", "image": 1}], "testimonial": []}, "approved_go_live_at": null}}, {"model": "wagtailcore.revision", "pk": 6, "fields": {"content_type": 2, "base_content_type": 1, "object_id": "3", "submitted_for_moderation": false, "created_at": "2023-09-11T14:16:38.247Z", "user": 1, "object_str": "Home", "content": {"pk": 3, "path": "00010001", "depth": 2, "numchild": 0, "translation_key": "167b3c90-6b8f-4966-8d22-3c4b610b0644", "locale": 1, "latest_revision": 5, "live": true, "has_unpublished_changes": false, "first_published_at": "2023-09-11T00:15:05.436Z", "last_published_at": "2023-09-11T14:13:48.365Z", "live_revision": 5, "go_live_at": null, "expire_at": null, "expired": false, "locked": false, "locked_at": null, "locked_by": null, "title": "Home", "draft_title": "Home", "slug": "home", "content_type": 2, "url_path": "/home/", "owner": null, "seo_title": "", "show_in_menus": true, "search_description": "", "latest_revision_created_at": "2023-09-11T14:13:48.311Z", "alias_of": null, "body": "[{\"type\": \"welcome\", \"value\": {\"action_block\": [{\"type\": \"item\", \"value\": {\"pos\": 1, \"icon\": 4, \"action_name\": \"<p data-block-key=\\\"khrdn\\\">Become a <b>volunteer</b></p>\", \"link_page\": 3}, \"id\": \"6e3625f0-11d7-499e-b584-d0f93660610b\"}, {\"type\": \"item\", \"value\": {\"pos\": 2, \"icon\": 5, \"action_name\": \"<p data-block-key=\\\"6ljih\\\"><b>Partner</b> with Us</p>\", \"link_page\": 3}, \"id\": \"ce1d2993-6784-4b60-bee8-8fc8f93e2135\"}, {\"type\": \"item\", \"value\": {\"pos\": 3, \"icon\": 6, \"action_name\": \"<p data-block-key=\\\"6ljih\\\">Make a <b>Donation</b></p>\", \"link_page\": 3}, \"id\": \"05d08a6f-cbc1-4d93-8ca0-d7bbf554916b\"}, {\"type\": \"item\", \"value\": {\"pos\": 4, \"icon\": 7, \"action_name\": \"<p data-block-key=\\\"6ljih\\\"><b>Scholarship</b> Program</p>\", \"link_page\": 3}, \"id\": \"431646bc-7425-426e-bbe3-6c53c97a90b3\"}]}, \"id\": \"c1011dfb-c2db-4c2a-b663-03b2c45099de\"}]", "wagtail_admin_comments": [], "carousel": [{"pk": 1, "sort_order": 0, "page": 3, "title": "Non-profit", "sub_title": "You can support us to grow more", "image": 2}, {"pk": 2, "sort_order": 1, "page": 3, "title": "Humanity", "sub_title": "Please tell your friends about our website", "image": 3}, {"pk": 3, "sort_order": 2, "page": 3, "title": "be a Kind Heart", "sub_title": "Professional charity theme based on Bootstrap 5.2.2", "image": 1}], "testimonial": []}, "approved_go_live_at": null}}, {"model": "wagtailcore.revision", "pk": 7, "fields": {"content_type": 2, "base_content_type": 1, "object_id": "3", "submitted_for_moderation": false, "created_at": "2023-09-11T14:19:36.128Z", "user": 1, "object_str": "Home", "content": {"pk": 3, "path": "00010001", "depth": 2, "numchild": 0, "translation_key": "167b3c90-6b8f-4966-8d22-3c4b610b0644", "locale": 1, "latest_revision": 6, "live": true, "has_unpublished_changes": false, "first_published_at": "2023-09-11T00:15:05.436Z", "last_published_at": "2023-09-11T14:16:38.317Z", "live_revision": 6, "go_live_at": null, "expire_at": null, "expired": false, "locked": false, "locked_at": null, "locked_by": null, "title": "Home", "draft_title": "Home", "slug": "home", "content_type": 2, "url_path": "/home/", "owner": null, "seo_title": "", "show_in_menus": true, "search_description": "", "latest_revision_created_at": "2023-09-11T14:16:38.247Z", "alias_of": null, "body": "[{\"type\": \"welcome\", \"value\": {\"action_block\": [{\"type\": \"item\", \"value\": {\"pos\": 1, \"icon\": 4, \"action_name\": \"Become a <b>volunteer</b>\", \"link_page\": 3}, \"id\": \"6e3625f0-11d7-499e-b584-d0f93660610b\"}, {\"type\": \"item\", \"value\": {\"pos\": 2, \"icon\": 5, \"action_name\": \"<b>Partner</b> with Us\", \"link_page\": 3}, \"id\": \"ce1d2993-6784-4b60-bee8-8fc8f93e2135\"}, {\"type\": \"item\", \"value\": {\"pos\": 3, \"icon\": 6, \"action_name\": \"Make a <b>Donation</b>\", \"link_page\": 3}, \"id\": \"05d08a6f-cbc1-4d93-8ca0-d7bbf554916b\"}, {\"type\": \"item\", \"value\": {\"pos\": 4, \"icon\": 7, \"action_name\": \"<b>Scholarship</b> Program\", \"link_page\": 3}, \"id\": \"431646bc-7425-426e-bbe3-6c53c97a90b3\"}]}, \"id\": \"c1011dfb-c2db-4c2a-b663-03b2c45099de\"}]", "wagtail_admin_comments": [], "carousel": [{"pk": 1, "sort_order": 0, "page": 3, "title": "Non-profit", "sub_title": "You can support us to grow more", "image": 2}, {"pk": 2, "sort_order": 1, "page": 3, "title": "Humanity", "sub_title": "Please tell your friends about our website", "image": 3}, {"pk": 3, "sort_order": 2, "page": 3, "title": "be a Kind Heart", "sub_title": "Professional charity theme based on Bootstrap 5.2.2", "image": 1}], "testimonial": []}, "approved_go_live_at": null}}, {"model": "wagtailcore.revision", "pk": 8, "fields": {"content_type": 2, "base_content_type": 1, "object_id": "3", "submitted_for_moderation": false, "created_at": "2023-09-11T15:59:55.276Z", "user": 1, "object_str": "Home", "content": {"pk": 3, "path": "00010001", "depth": 2, "numchild": 0, "translation_key": "167b3c90-6b8f-4966-8d22-3c4b610b0644", "locale": 1, "latest_revision": 7, "live": true, "has_unpublished_changes": false, "first_published_at": "2023-09-11T00:15:05.436Z", "last_published_at": "2023-09-11T14:19:36.198Z", "live_revision": 7, "go_live_at": null, "expire_at": null, "expired": false, "locked": false, "locked_at": null, "locked_by": null, "title": "Home", "draft_title": "Home", "slug": "home", "content_type": 2, "url_path": "/home/", "owner": null, "seo_title": "", "show_in_menus": true, "search_description": "", "latest_revision_created_at": "2023-09-11T14:19:36.128Z", "alias_of": null, "body": "[{\"type\": \"welcome\", \"value\": {\"action_block\": [{\"type\": \"item\", \"value\": {\"pos\": 1, \"icon\": 4, \"action_name\": \"Become a <b>volunteer</b>\", \"link_page\": 3}, \"id\": \"6e3625f0-11d7-499e-b584-d0f93660610b\"}, {\"type\": \"item\", \"value\": {\"pos\": 2, \"icon\": 5, \"action_name\": \"<b>Partner</b> with Us\", \"link_page\": 3}, \"id\": \"ce1d2993-6784-4b60-bee8-8fc8f93e2135\"}, {\"type\": \"item\", \"value\": {\"pos\": 3, \"icon\": 6, \"action_name\": \"Make a <b>Donation</b>\", \"link_page\": 3}, \"id\": \"05d08a6f-cbc1-4d93-8ca0-d7bbf554916b\"}, {\"type\": \"item\", \"value\": {\"pos\": 4, \"icon\": 7, \"action_name\": \"<b>Scholarship</b> Program\", \"link_page\": 3}, \"id\": \"431646bc-7425-426e-bbe3-6c53c97a90b3\"}]}, \"id\": \"c1011dfb-c2db-4c2a-b663-03b2c45099de\"}, {\"type\": \"about\", \"value\": {\"mission_vision\": {\"image\": 8}, \"foundingPartner\": {\"full_names\": \"Sandy Chan\", \"partnership_type\": \"Co-Founding Partner\", \"background\": \"<p data-block-key=\\\"ttib3\\\">Lorem Ipsum dolor sit amet, consectetur adipsicing kengan omeg kohm tokito Professional charity theme based</p><p data-block-key=\\\"aru4c\\\">You are not allowed to redistribute this  template ZIP file on any other template collection website. Please  contact TemplateMo for more information.</p>\", \"photo\": 9, \"twitter\": \"https://twitter.com\", \"facebook\": \"https://facebook.com\", \"instagram\": \"https://instagram.com\"}, \"adblock\": {\"statement\": \"<p data-block-key=\\\"m5fk6\\\">Make an impact.</p><p data-block-key=\\\"e8cef\\\">Save lives.</p>\"}}, \"id\": \"900d67f4-2aa8-4f0b-9ddc-4870fd7f210a\"}]", "wagtail_admin_comments": [], "carousel": [{"pk": 1, "sort_order": 0, "page": 3, "title": "Non-profit", "sub_title": "You can support us to grow more", "image": 2}, {"pk": 2, "sort_order": 1, "page": 3, "title": "Humanity", "sub_title": "Please tell your friends about our website", "image": 3}, {"pk": 3, "sort_order": 2, "page": 3, "title": "be a Kind Heart", "sub_title": "Professional charity theme based on Bootstrap 5.2.2", "image": 1}], "testimonial": []}, "approved_go_live_at": null}}, {"model": "wagtailcore.revision", "pk": 9, "fields": {"content_type": 2, "base_content_type": 1, "object_id": "3", "submitted_for_moderation": false, "created_at": "2023-09-11T17:30:58.302Z", "user": 1, "object_str": "Home", "content": {"pk": 3, "path": "00010001", "depth": 2, "numchild": 0, "translation_key": "167b3c90-6b8f-4966-8d22-3c4b610b0644", "locale": 1, "latest_revision": 8, "live": true, "has_unpublished_changes": false, "first_published_at": "2023-09-11T00:15:05.436Z", "last_published_at": "2023-09-11T15:59:55.335Z", "live_revision": 8, "go_live_at": null, "expire_at": null, "expired": false, "locked": false, "locked_at": null, "locked_by": null, "title": "Home", "draft_title": "Home", "slug": "home", "content_type": 2, "url_path": "/home/", "owner": null, "seo_title": "", "show_in_menus": true, "search_description": "", "latest_revision_created_at": "2023-09-11T15:59:55.276Z", "alias_of": null, "body": "[{\"type\": \"welcome\", \"value\": {\"action_block\": [{\"type\": \"item\", \"value\": {\"pos\": 1, \"icon\": 4, \"action_name\": \"Become a <b>volunteer</b>\", \"link_page\": 3}, \"id\": \"6e3625f0-11d7-499e-b584-d0f93660610b\"}, {\"type\": \"item\", \"value\": {\"pos\": 2, \"icon\": 5, \"action_name\": \"<b>Partner</b> with Us\", \"link_page\": 3}, \"id\": \"ce1d2993-6784-4b60-bee8-8fc8f93e2135\"}, {\"type\": \"item\", \"value\": {\"pos\": 3, \"icon\": 6, \"action_name\": \"Make a <b>Donation</b>\", \"link_page\": 3}, \"id\": \"05d08a6f-cbc1-4d93-8ca0-d7bbf554916b\"}, {\"type\": \"item\", \"value\": {\"pos\": 4, \"icon\": 7, \"action_name\": \"<b>Scholarship</b> Program\", \"link_page\": 3}, \"id\": \"431646bc-7425-426e-bbe3-6c53c97a90b3\"}]}, \"id\": \"c1011dfb-c2db-4c2a-b663-03b2c45099de\"}, {\"type\": \"about\", \"value\": {\"mission_vision\": {\"image\": 8}, \"founding_partner\": {\"full_names\": \"Sandy Chan\", \"partnership_type\": \"Co-Founding Partner\", \"background\": \"<p data-block-key=\\\"3xjjl\\\">Lorem Ipsum dolor sit amet, consectetur adipsicing kengan omeg kohm tokito Professional charity theme based</p><p data-block-key=\\\"cr5r7\\\">You are not allowed to redistribute this  template ZIP file on any other template collection website. Please  contact TemplateMo for more information.</p>\", \"photo\": 9, \"twitter\": \"https://twitter.com\", \"facebook\": \"https://facebook.com\", \"instagram\": \"https://instagram.com\"}, \"ad_block\": {\"statement\": \"<p data-block-key=\\\"fab2c\\\"> Make an impact. <br/> Save lives.</p>\"}}, \"id\": \"900d67f4-2aa8-4f0b-9ddc-4870fd7f210a\"}, {\"type\": \"services\", \"value\": {\"section_title\": \"Our Causes\", \"content\": [{\"type\": \"item\", \"value\": {\"image\": 10, \"title\": \"Children Education\", \"description\": \"<p data-block-key=\\\"sl2ig\\\">Lorem Ipsum dolor sit amet, consectetur adipsicing kengan omeg kohm tokito</p>\", \"campaign_page\": 3}, \"id\": \"c9df7fc3-2e92-4a94-9a0d-1251bfdfd3a3\"}, {\"type\": \"item\", \"value\": {\"image\": 11, \"title\": \"Poverty Development\", \"description\": \"<p data-block-key=\\\"ojpgz\\\">Sed leo nisl, posuere at molestie ac, suscipit auctor mauris. Etiam quis metus tempor</p>\", \"campaign_page\": 3}, \"id\": \"b761efb6-b197-4cfd-b68d-d950c6d936ee\"}, {\"type\": \"item\", \"value\": {\"image\": 12, \"title\": \"Supply drinking water\", \"description\": \"<p data-block-key=\\\"ojpgz\\\">Orci varius natoque penatibus et magnis dis parturient montes, nascetur ridiculus</p>\", \"campaign_page\": 3}, \"id\": \"7b1967f8-22f3-4712-b11b-c6628e4ae030\"}]}, \"id\": \"c22ced0a-9212-41b4-8eaf-1c3d1366c44b\"}]", "wagtail_admin_comments": [], "carousel": [{"pk": 1, "sort_order": 0, "page": 3, "title": "Non-profit", "sub_title": "You can support us to grow more", "image": 2}, {"pk": 2, "sort_order": 1, "page": 3, "title": "Humanity", "sub_title": "Please tell your friends about our website", "image": 3}, {"pk": 3, "sort_order": 2, "page": 3, "title": "be a Kind Heart", "sub_title": "Professional charity theme based on Bootstrap 5.2.2", "image": 1}], "testimonial": []}, "approved_go_live_at": null}}, {"model": "wagtailcore.revision", "pk": 10, "fields": {"content_type": 2, "base_content_type": 1, "object_id": "3", "submitted_for_moderation": false, "created_at": "2023-09-12T02:57:33.954Z", "user": 1, "object_str": "Home", "content": {"pk": 3, "path": "00010001", "depth": 2, "numchild": 0, "translation_key": "167b3c90-6b8f-4966-8d22-3c4b610b0644", "locale": 1, "latest_revision": 9, "live": true, "has_unpublished_changes": false, "first_published_at": "2023-09-11T00:15:05.436Z", "last_published_at": "2023-09-11T17:30:58.414Z", "live_revision": 9, "go_live_at": null, "expire_at": null, "expired": false, "locked": false, "locked_at": null, "locked_by": null, "title": "Home", "draft_title": "Home", "slug": "home", "content_type": 2, "url_path": "/home/", "owner": null, "seo_title": "", "show_in_menus": true, "search_description": "", "latest_revision_created_at": "2023-09-11T17:30:58.302Z", "alias_of": null, "body": "[{\"type\": \"welcome\", \"value\": {\"action_block\": [{\"type\": \"item\", \"value\": {\"pos\": 1, \"icon\": 4, \"action_name\": \"Become a <b>volunteer</b>\", \"link_page\": 3}, \"id\": \"6e3625f0-11d7-499e-b584-d0f93660610b\"}, {\"type\": \"item\", \"value\": {\"pos\": 2, \"icon\": 5, \"action_name\": \"<b>Partner</b> with Us\", \"link_page\": 3}, \"id\": \"ce1d2993-6784-4b60-bee8-8fc8f93e2135\"}, {\"type\": \"item\", \"value\": {\"pos\": 3, \"icon\": 6, \"action_name\": \"Make a <b>Donation</b>\", \"link_page\": 3}, \"id\": \"05d08a6f-cbc1-4d93-8ca0-d7bbf554916b\"}, {\"type\": \"item\", \"value\": {\"pos\": 4, \"icon\": 7, \"action_name\": \"<b>Scholarship</b> Program\", \"link_page\": 3}, \"id\": \"431646bc-7425-426e-bbe3-6c53c97a90b3\"}]}, \"id\": \"c1011dfb-c2db-4c2a-b663-03b2c45099de\"}, {\"type\": \"about\", \"value\": {\"mission_vision\": {\"image\": 8}, \"founding_partner\": {\"full_names\": \"Sandy Chan\", \"partnership_type\": \"Co-Founding Partner\", \"background\": \"<p data-block-key=\\\"3xjjl\\\">Lorem Ipsum dolor sit amet, consectetur adipsicing kengan omeg kohm tokito Professional charity theme based</p><p data-block-key=\\\"cr5r7\\\">You are not allowed to redistribute this template ZIP file on any other template collection website. Please contact TemplateMo for more information.</p>\", \"photo\": 9, \"twitter\": \"https://twitter.com\", \"facebook\": \"https://facebook.com\", \"instagram\": \"https://instagram.com\"}, \"ad_block\": {\"statement\": \"<p data-block-key=\\\"fab2c\\\">Make an impact.<br/> Save lives.</p>\"}}, \"id\": \"900d67f4-2aa8-4f0b-9ddc-4870fd7f210a\"}, {\"type\": \"services\", \"value\": {\"section_title\": \"Our Causes\", \"content\": [{\"type\": \"item\", \"value\": {\"image\": 10, \"title\": \"Children Education\", \"description\": \"<p data-block-key=\\\"sl2ig\\\">Lorem Ipsum dolor sit amet, consectetur adipsicing kengan omeg kohm tokito</p>\", \"campaign_page\": 3}, \"id\": \"c9df7fc3-2e92-4a94-9a0d-1251bfdfd3a3\"}, {\"type\": \"item\", \"value\": {\"image\": 11, \"title\": \"Poverty Development\", \"description\": \"<p data-block-key=\\\"ojpgz\\\">Sed leo nisl, posuere at molestie ac, suscipit auctor mauris. Etiam quis metus tempor</p>\", \"campaign_page\": 3}, \"id\": \"b761efb6-b197-4cfd-b68d-d950c6d936ee\"}, {\"type\": \"item\", \"value\": {\"image\": 12, \"title\": \"Supply drinking water\", \"description\": \"<p data-block-key=\\\"ojpgz\\\">Orci varius natoque penatibus et magnis dis parturient montes, nascetur ridiculus</p>\", \"campaign_page\": 3}, \"id\": \"7b1967f8-22f3-4712-b11b-c6628e4ae030\"}]}, \"id\": \"c22ced0a-9212-41b4-8eaf-1c3d1366c44b\"}, {\"type\": \"testimonial\", \"value\": {\"section_title\": \"Testimonials\"}, \"id\": \"1259b2c0-4325-401a-8cff-296128be453c\"}]", "wagtail_admin_comments": [], "carousel": [{"pk": 1, "sort_order": 0, "page": 3, "title": "Non-profit", "sub_title": "You can support us to grow more", "image": 2}, {"pk": 2, "sort_order": 1, "page": 3, "title": "Humanity", "sub_title": "Please tell your friends about our website", "image": 3}, {"pk": 3, "sort_order": 2, "page": 3, "title": "be a Kind Heart", "sub_title": "Professional charity theme based on Bootstrap 5.2.2", "image": 1}], "testimonial": []}, "approved_go_live_at": null}}, {"model": "wagtailcore.revision", "pk": 11, "fields": {"content_type": 57, "base_content_type": 1, "object_id": "4", "submitted_for_moderation": false, "created_at": "2023-09-12T06:58:17.407Z", "user": 1, "object_str": "Contact Us", "content": {"pk": 4, "path": "000100010001", "depth": 3, "numchild": 0, "translation_key": "b30a52f4-8c61-4223-896e-bff09ac37546", "locale": 1, "latest_revision": null, "live": true, "has_unpublished_changes": false, "first_published_at": null, "last_published_at": null, "live_revision": null, "go_live_at": null, "expire_at": null, "expired": false, "locked": false, "locked_at": null, "locked_by": null, "title": "Contact Us", "draft_title": "Contact Us", "slug": "contact-us", "content_type": 57, "url_path": "/home/contact-us/", "owner": 1, "seo_title": "", "show_in_menus": true, "search_description": "", "latest_revision_created_at": null, "alias_of": null, "to_address": "admin@apn.net", "from_address": "admin@apn.net", "subject": "Contact", "intro": "<p data-block-key=\"bjbsd\">Or, you can just send an email: info@charity.org</p>", "thank_you_text": "<p data-block-key=\"fis3d\">Thank you for reaching out!</p>", "wagtail_admin_comments": [], "form_fields": [{"pk": 1, "sort_order": 0, "clean_name": "first_name", "label": "First Name", "field_type": "singleline", "required": true, "choices": "", "default_value": "", "help_text": "Jack", "page": 4}, {"pk": 2, "sort_order": 1, "clean_name": "last_name", "label": "Last Name", "field_type": "singleline", "required": true, "choices": "", "default_value": "", "help_text": "Doe", "page": 4}, {"pk": 3, "sort_order": 2, "clean_name": "email", "label": "Email", "field_type": "email", "required": true, "choices": "", "default_value": "", "help_text": "Jackdoe@gmail.com", "page": 4}, {"pk": 4, "sort_order": 3, "clean_name": "message", "label": "message", "field_type": "multiline", "required": true, "choices": "", "default_value": "", "help_text": "How can we be of help to you?", "page": 4}]}, "approved_go_live_at": null}}, {"model": "wagtailcore.revision", "pk": 12, "fields": {"content_type": 57, "base_content_type": 1, "object_id": "4", "submitted_for_moderation": false, "created_at": "2023-09-12T06:58:37.602Z", "user": 1, "object_str": "Contact Form", "content": {"pk": 4, "path": "000100010001", "depth": 3, "numchild": 0, "translation_key": "b30a52f4-8c61-4223-896e-bff09ac37546", "locale": 1, "latest_revision": 11, "live": true, "has_unpublished_changes": false, "first_published_at": "2023-09-12T06:58:17.503Z", "last_published_at": "2023-09-12T06:58:17.503Z", "live_revision": 11, "go_live_at": null, "expire_at": null, "expired": false, "locked": false, "locked_at": null, "locked_by": null, "title": "Contact Form", "draft_title": "Contact Us", "slug": "contact-us", "content_type": 57, "url_path": "/home/contact-us/", "owner": 1, "seo_title": "", "show_in_menus": true, "search_description": "", "latest_revision_created_at": "2023-09-12T06:58:17.407Z", "alias_of": null, "to_address": "admin@apn.net", "from_address": "admin@apn.net", "subject": "Contact", "intro": "<p data-block-key=\"bjbsd\">Or, you can just send an email: info@charity.org</p>", "thank_you_text": "<p data-block-key=\"fis3d\">Thank you for reaching out!</p>", "wagtail_admin_comments": [], "form_fields": [{"pk": 1, "sort_order": 0, "clean_name": "first_name", "label": "First Name", "field_type": "singleline", "required": true, "choices": "", "default_value": "", "help_text": "Jack", "page": 4}, {"pk": 2, "sort_order": 1, "clean_name": "last_name", "label": "Last Name", "field_type": "singleline", "required": true, "choices": "", "default_value": "", "help_text": "Doe", "page": 4}, {"pk": 3, "sort_order": 2, "clean_name": "email", "label": "Email", "field_type": "email", "required": true, "choices": "", "default_value": "", "help_text": "Jackdoe@gmail.com", "page": 4}, {"pk": 4, "sort_order": 3, "clean_name": "message", "label": "message", "field_type": "multiline", "required": true, "choices": "", "default_value": "", "help_text": "How can we be of help to you?", "page": 4}]}, "approved_go_live_at": null}}, {"model": "wagtailcore.revision", "pk": 13, "fields": {"content_type": 57, "base_content_type": 1, "object_id": "5", "submitted_for_moderation": false, "created_at": "2023-09-12T10:08:45.664Z", "user": 1, "object_str": "Donations", "content": {"pk": 5, "path": "000100010002", "depth": 3, "numchild": 0, "translation_key": "39afaada-432d-4ecf-9e6d-6bb286010b1d", "locale": 1, "latest_revision": null, "live": true, "has_unpublished_changes": false, "first_published_at": null, "last_published_at": null, "live_revision": null, "go_live_at": null, "expire_at": null, "expired": false, "locked": false, "locked_at": null, "locked_by": null, "title": "Donations", "draft_title": "Donations", "slug": "donations", "content_type": 57, "url_path": "/home/donations/", "owner": 1, "seo_title": "", "show_in_menus": false, "search_description": "", "latest_revision_created_at": null, "alias_of": null, "to_address": "", "from_address": "", "subject": "", "intro": "<p data-block-key=\"rhp8i\">We accept in-kind donations like computers, machines, medical equipments, non perishable food items, clothings, household equipments and other resources as needed. Shipping arrangements will be made by correspondence with donors to deliver to the specific locations in need of donated items. </p>", "thank_you_text": "", "page_type": "donation_form", "wagtail_admin_comments": [], "form_fields": [{"pk": 5, "sort_order": 0, "clean_name": "what_are_you_donating", "label": "What are you donating?", "field_type": "checkboxes", "required": false, "choices": "computers, machines, medical equipment, non perishable food items, clothing, household equipment, other resources", "default_value": "", "help_text": "like computers, machines, medical equipment e.t.c", "page": 5}, {"pk": 6, "sort_order": 1, "clean_name": "what_quantity", "label": "What quantity ?", "field_type": "number", "required": true, "choices": "", "default_value": "", "help_text": "State how many items you want to donate.", "page": 5}, {"pk": 7, "sort_order": 2, "clean_name": "estimated_weight", "label": "Estimated weight?", "field_type": "number", "required": true, "choices": "", "default_value": "", "help_text": "State the approximate weight", "page": 5}, {"pk": 8, "sort_order": 3, "clean_name": "where_are_you_donating_fromlocation", "label": "Where are you donating from?(Location)", "field_type": "multiline", "required": true, "choices": "", "default_value": "", "help_text": "State where you are located.", "page": 5}, {"pk": 9, "sort_order": 4, "clean_name": "when_will_this_donation_be_available_time", "label": "When will this donation be available? (Time)", "field_type": "date", "required": true, "choices": "", "default_value": "", "help_text": "Please state when these items could be expected.", "page": 5}]}, "approved_go_live_at": null}}, {"model": "wagtailcore.revision", "pk": 14, "fields": {"content_type": 57, "base_content_type": 1, "object_id": "4", "submitted_for_moderation": false, "created_at": "2023-09-12T10:24:09.325Z", "user": 1, "object_str": "Contact", "content": {"pk": 4, "path": "000100010001", "depth": 3, "numchild": 0, "translation_key": "b30a52f4-8c61-4223-896e-bff09ac37546", "locale": 1, "latest_revision": 12, "live": true, "has_unpublished_changes": false, "first_published_at": "2023-09-12T06:58:17.503Z", "last_published_at": "2023-09-12T06:58:37.706Z", "live_revision": 12, "go_live_at": null, "expire_at": null, "expired": false, "locked": false, "locked_at": null, "locked_by": null, "title": "Contact", "draft_title": "Contact Form", "slug": "contact-us", "content_type": 57, "url_path": "/home/contact-us/", "owner": 1, "seo_title": "", "show_in_menus": true, "search_description": "", "latest_revision_created_at": "2023-09-12T06:58:37.602Z", "alias_of": null, "to_address": "admin@apn.net", "from_address": "admin@apn.net", "subject": "Contact", "intro": "<p data-block-key=\"bjbsd\">Or, you can just send an email: info@charity.org</p>", "thank_you_text": "<p data-block-key=\"fis3d\">Thank you for reaching out!</p>", "page_type": "contact_form", "wagtail_admin_comments": [], "form_fields": [{"pk": 1, "sort_order": 0, "clean_name": "first_name", "label": "First Name", "field_type": "singleline", "required": true, "choices": "", "default_value": "", "help_text": "Jack", "page": 4}, {"pk": 2, "sort_order": 1, "clean_name": "last_name", "label": "Last Name", "field_type": "singleline", "required": true, "choices": "", "default_value": "", "help_text": "Doe", "page": 4}, {"pk": 3, "sort_order": 2, "clean_name": "email", "label": "Email", "field_type": "email", "required": true, "choices": "", "default_value": "", "help_text": "Jackdoe@gmail.com", "page": 4}, {"pk": 4, "sort_order": 3, "clean_name": "message", "label": "message", "field_type": "multiline", "required": true, "choices": "", "default_value": "", "help_text": "How can we be of help to you?", "page": 4}]}, "approved_go_live_at": null}}, {"model": "wagtailcore.revision", "pk": 15, "fields": {"content_type": 57, "base_content_type": 1, "object_id": "4", "submitted_for_moderation": false, "created_at": "2023-09-12T10:24:28.822Z", "user": 1, "object_str": "Contact", "content": {"pk": 4, "path": "000100010001", "depth": 3, "numchild": 0, "translation_key": "b30a52f4-8c61-4223-896e-bff09ac37546", "locale": 1, "latest_revision": 14, "live": true, "has_unpublished_changes": false, "first_published_at": "2023-09-12T06:58:17.503Z", "last_published_at": "2023-09-12T10:24:09.461Z", "live_revision": 14, "go_live_at": null, "expire_at": null, "expired": false, "locked": false, "locked_at": null, "locked_by": null, "title": "Contact", "draft_title": "Contact", "slug": "contact-us", "content_type": 57, "url_path": "/home/contact-us/", "owner": 1, "seo_title": "", "show_in_menus": false, "search_description": "", "latest_revision_created_at": "2023-09-12T10:24:09.325Z", "alias_of": null, "to_address": "admin@apn.net", "from_address": "admin@apn.net", "subject": "Contact", "intro": "<p data-block-key=\"bjbsd\">Or, you can just send an email: info@charity.org</p>", "thank_you_text": "<p data-block-key=\"fis3d\">Thank you for reaching out!</p>", "page_type": "contact_form", "wagtail_admin_comments": [], "form_fields": [{"pk": 1, "sort_order": 0, "clean_name": "first_name", "label": "First Name", "field_type": "singleline", "required": true, "choices": "", "default_value": "", "help_text": "Jack", "page": 4}, {"pk": 2, "sort_order": 1, "clean_name": "last_name", "label": "Last Name", "field_type": "singleline", "required": true, "choices": "", "default_value": "", "help_text": "Doe", "page": 4}, {"pk": 3, "sort_order": 2, "clean_name": "email", "label": "Email", "field_type": "email", "required": true, "choices": "", "default_value": "", "help_text": "Jackdoe@gmail.com", "page": 4}, {"pk": 4, "sort_order": 3, "clean_name": "message", "label": "message", "field_type": "multiline", "required": true, "choices": "", "default_value": "", "help_text": "How can we be of help to you?", "page": 4}]}, "approved_go_live_at": null}}, {"model": "wagtailcore.revision", "pk": 16, "fields": {"content_type": 57, "base_content_type": 1, "object_id": "4", "submitted_for_moderation": false, "created_at": "2023-09-12T10:38:39.033Z", "user": 1, "object_str": "Contact", "content": {"pk": 4, "path": "000100010001", "depth": 3, "numchild": 0, "translation_key": "b30a52f4-8c61-4223-896e-bff09ac37546", "locale": 1, "latest_revision": 15, "live": true, "has_unpublished_changes": false, "first_published_at": "2023-09-12T06:58:17.503Z", "last_published_at": "2023-09-12T10:24:28.950Z", "live_revision": 15, "go_live_at": null, "expire_at": null, "expired": false, "locked": false, "locked_at": null, "locked_by": null, "title": "Contact", "draft_title": "Contact", "slug": "contact-us", "content_type": 57, "url_path": "/home/contact-us/", "owner": 1, "seo_title": "", "show_in_menus": true, "search_description": "", "latest_revision_created_at": "2023-09-12T10:24:28.822Z", "alias_of": null, "to_address": "admin@apn.net", "from_address": "admin@apn.net", "subject": "Contact", "intro": "<p data-block-key=\"bjbsd\">Or, you can just send an email: info@charity.org</p>", "thank_you_text": "<p data-block-key=\"fis3d\">Thank you for reaching out!</p>", "page_type": "contact_form", "wagtail_admin_comments": [], "form_fields": [{"pk": 1, "sort_order": 0, "clean_name": "first_name", "label": "First Name", "field_type": "singleline", "required": true, "choices": "", "default_value": "", "help_text": "Jack", "page": 4}, {"pk": 2, "sort_order": 1, "clean_name": "last_name", "label": "Last Name", "field_type": "singleline", "required": true, "choices": "", "default_value": "", "help_text": "Doe", "page": 4}, {"pk": 3, "sort_order": 2, "clean_name": "email", "label": "Email", "field_type": "email", "required": true, "choices": "", "default_value": "", "help_text": "Jackdoe@gmail.com", "page": 4}, {"pk": 4, "sort_order": 3, "clean_name": "message", "label": "message", "field_type": "multiline", "required": true, "choices": "", "default_value": "", "help_text": "How can we be of help to you?", "page": 4}]}, "approved_go_live_at": null}}, {"model": "wagtailcore.revision", "pk": 17, "fields": {"content_type": 57, "base_content_type": 1, "object_id": "5", "submitted_for_moderation": false, "created_at": "2023-09-12T10:38:56.214Z", "user": 1, "object_str": "Donations", "content": {"pk": 5, "path": "000100010002", "depth": 3, "numchild": 0, "translation_key": "39afaada-432d-4ecf-9e6d-6bb286010b1d", "locale": 1, "latest_revision": 13, "live": true, "has_unpublished_changes": false, "first_published_at": "2023-09-12T10:08:45.760Z", "last_published_at": "2023-09-12T10:08:45.760Z", "live_revision": 13, "go_live_at": null, "expire_at": null, "expired": false, "locked": false, "locked_at": null, "locked_by": null, "title": "Donations", "draft_title": "Donations", "slug": "donations", "content_type": 57, "url_path": "/home/donations/", "owner": 1, "seo_title": "", "show_in_menus": true, "search_description": "", "latest_revision_created_at": "2023-09-12T10:08:45.664Z", "alias_of": null, "to_address": "", "from_address": "", "subject": "", "intro": "<p data-block-key=\"rhp8i\">We accept in-kind donations like computers, machines, medical equipments, non perishable food items, clothings, household equipments and other resources as needed. Shipping arrangements will be made by correspondence with donors to deliver to the specific locations in need of donated items.</p>", "thank_you_text": "", "page_type": "donation_form", "wagtail_admin_comments": [], "form_fields": [{"pk": 5, "sort_order": 0, "clean_name": "what_are_you_donating", "label": "What are you donating?", "field_type": "checkboxes", "required": false, "choices": "computers, machines, medical equipment, non perishable food items, clothing, household equipment, other resources", "default_value": "", "help_text": "like computers, machines, medical equipment e.t.c", "page": 5}, {"pk": 6, "sort_order": 1, "clean_name": "what_quantity", "label": "What quantity ?", "field_type": "number", "required": true, "choices": "", "default_value": "", "help_text": "State how many items you want to donate.", "page": 5}, {"pk": 7, "sort_order": 2, "clean_name": "estimated_weight", "label": "Estimated weight?", "field_type": "number", "required": true, "choices": "", "default_value": "", "help_text": "State the approximate weight", "page": 5}, {"pk": 8, "sort_order": 3, "clean_name": "where_are_you_donating_fromlocation", "label": "Where are you donating from?(Location)", "field_type": "multiline", "required": true, "choices": "", "default_value": "", "help_text": "State where you are located.", "page": 5}, {"pk": 9, "sort_order": 4, "clean_name": "when_will_this_donation_be_available_time", "label": "When will this donation be available? (Time)", "field_type": "date", "required": true, "choices": "", "default_value": "", "help_text": "Please state when these items could be expected.", "page": 5}]}, "approved_go_live_at": null}}, {"model": "wagtailcore.grouppagepermission", "pk": 1, "fields": {"group": 1, "page": 1, "permission_type": "add"}}, {"model": "wagtailcore.grouppagepermission", "pk": 2, "fields": {"group": 1, "page": 1, "permission_type": "edit"}}, {"model": "wagtailcore.grouppagepermission", "pk": 3, "fields": {"group": 1, "page": 1, "permission_type": "publish"}}, {"model": "wagtailcore.grouppagepermission", "pk": 4, "fields": {"group": 2, "page": 1, "permission_type": "add"}}, {"model": "wagtailcore.grouppagepermission", "pk": 5, "fields": {"group": 2, "page": 1, "permission_type": "edit"}}, {"model": "wagtailcore.grouppagepermission", "pk": 6, "fields": {"group": 1, "page": 1, "permission_type": "lock"}}, {"model": "wagtailcore.grouppagepermission", "pk": 7, "fields": {"group": 1, "page": 1, "permission_type": "unlock"}}, {"model": "wagtailcore.workflowpage", "pk": 1, "fields": {"workflow": 1}}, {"model": "wagtailcore.workflowtask", "pk": 1, "fields": {"sort_order": 0, "workflow": 1, "task": 1}}, {"model": "wagtailcore.task", "pk": 1, "fields": {"name": "Moderators approval", "content_type": 4, "active": true}}, {"model": "wagtailcore.workflow", "pk": 1, "fields": {"name": "Moderators approval", "active": true}}, {"model": "wagtailcore.groupapprovaltask", "pk": 1, "fields": {"groups": [1]}}, {"model": "wagtailcore.pagelogentry", "pk": 1, "fields": {"content_type": 2, "label": "Home", "action": "wagtail.edit", "data": {}, "timestamp": "2023-09-11T00:14:30.055Z", "uuid": "2485b790-e3fc-414f-a46f-07bc0c2b9e0b", "user": 1, "revision": 1, "content_changed": true, "deleted": false, "page": 3}}, {"model": "wagtailcore.pagelogentry", "pk": 2, "fields": {"content_type": 2, "label": "Home", "action": "wagtail.edit", "data": {}, "timestamp": "2023-09-11T00:15:05.388Z", "uuid": "0a0e76f0-19f1-48b1-b9af-0f63dedbc578", "user": 1, "revision": 2, "content_changed": true, "deleted": false, "page": 3}}, {"model": "wagtailcore.pagelogentry", "pk": 3, "fields": {"content_type": 2, "label": "Home", "action": "wagtail.publish", "data": {}, "timestamp": "2023-09-11T00:15:05.532Z", "uuid": "0a0e76f0-19f1-48b1-b9af-0f63dedbc578", "user": 1, "revision": 2, "content_changed": true, "deleted": false, "page": 3}}, {"model": "wagtailcore.pagelogentry", "pk": 4, "fields": {"content_type": 2, "label": "Home", "action": "wagtail.edit", "data": {}, "timestamp": "2023-09-11T00:21:08.511Z", "uuid": "0026e428-bc20-4e27-b758-e975e998c0ee", "user": 1, "revision": 3, "content_changed": true, "deleted": false, "page": 3}}, {"model": "wagtailcore.pagelogentry", "pk": 5, "fields": {"content_type": 2, "label": "Home", "action": "wagtail.publish", "data": {}, "timestamp": "2023-09-11T00:21:08.695Z", "uuid": "0026e428-bc20-4e27-b758-e975e998c0ee", "user": 1, "revision": 3, "content_changed": true, "deleted": false, "page": 3}}, {"model": "wagtailcore.pagelogentry", "pk": 6, "fields": {"content_type": 2, "label": "Home", "action": "wagtail.edit", "data": {}, "timestamp": "2023-09-11T12:56:40.369Z", "uuid": "f841cae8-6dd2-4510-8e39-c3e554c625a7", "user": 1, "revision": 4, "content_changed": true, "deleted": false, "page": 3}}, {"model": "wagtailcore.pagelogentry", "pk": 7, "fields": {"content_type": 2, "label": "Home", "action": "wagtail.publish", "data": {}, "timestamp": "2023-09-11T12:56:40.479Z", "uuid": "f841cae8-6dd2-4510-8e39-c3e554c625a7", "user": 1, "revision": 4, "content_changed": true, "deleted": false, "page": 3}}, {"model": "wagtailcore.pagelogentry", "pk": 8, "fields": {"content_type": 2, "label": "Home", "action": "wagtail.edit", "data": {}, "timestamp": "2023-09-11T14:13:48.337Z", "uuid": "f243011c-ae74-44b9-9e1d-810265849af5", "user": 1, "revision": 5, "content_changed": true, "deleted": false, "page": 3}}, {"model": "wagtailcore.pagelogentry", "pk": 9, "fields": {"content_type": 2, "label": "Home", "action": "wagtail.publish", "data": {}, "timestamp": "2023-09-11T14:13:48.417Z", "uuid": "f243011c-ae74-44b9-9e1d-810265849af5", "user": 1, "revision": 5, "content_changed": true, "deleted": false, "page": 3}}, {"model": "wagtailcore.pagelogentry", "pk": 10, "fields": {"content_type": 2, "label": "Home", "action": "wagtail.edit", "data": {}, "timestamp": "2023-09-11T14:16:38.277Z", "uuid": "cf8ed6fc-6312-4cf4-8a5f-6f053e12d00c", "user": 1, "revision": 6, "content_changed": true, "deleted": false, "page": 3}}, {"model": "wagtailcore.pagelogentry", "pk": 11, "fields": {"content_type": 2, "label": "Home", "action": "wagtail.publish", "data": {}, "timestamp": "2023-09-11T14:16:38.399Z", "uuid": "cf8ed6fc-6312-4cf4-8a5f-6f053e12d00c", "user": 1, "revision": 6, "content_changed": true, "deleted": false, "page": 3}}, {"model": "wagtailcore.pagelogentry", "pk": 12, "fields": {"content_type": 2, "label": "Home", "action": "wagtail.edit", "data": {}, "timestamp": "2023-09-11T14:19:36.161Z", "uuid": "feb4ce84-e86c-47e2-b5f0-98c188d1a29b", "user": 1, "revision": 7, "content_changed": true, "deleted": false, "page": 3}}, {"model": "wagtailcore.pagelogentry", "pk": 13, "fields": {"content_type": 2, "label": "Home", "action": "wagtail.publish", "data": {}, "timestamp": "2023-09-11T14:19:36.262Z", "uuid": "feb4ce84-e86c-47e2-b5f0-98c188d1a29b", "user": 1, "revision": 7, "content_changed": true, "deleted": false, "page": 3}}, {"model": "wagtailcore.pagelogentry", "pk": 14, "fields": {"content_type": 2, "label": "Home", "action": "wagtail.edit", "data": {}, "timestamp": "2023-09-11T15:59:55.302Z", "uuid": "d92be115-a0f0-4581-8fbe-9771fd69925c", "user": 1, "revision": 8, "content_changed": true, "deleted": false, "page": 3}}, {"model": "wagtailcore.pagelogentry", "pk": 15, "fields": {"content_type": 2, "label": "Home", "action": "wagtail.publish", "data": {}, "timestamp": "2023-09-11T15:59:55.398Z", "uuid": "d92be115-a0f0-4581-8fbe-9771fd69925c", "user": 1, "revision": 8, "content_changed": true, "deleted": false, "page": 3}}, {"model": "wagtailcore.pagelogentry", "pk": 16, "fields": {"content_type": 2, "label": "Home", "action": "wagtail.edit", "data": {}, "timestamp": "2023-09-11T17:30:58.358Z", "uuid": "3ab63ce8-0633-4a49-8f49-5bf227dee9d7", "user": 1, "revision": 9, "content_changed": true, "deleted": false, "page": 3}}, {"model": "wagtailcore.pagelogentry", "pk": 17, "fields": {"content_type": 2, "label": "Home", "action": "wagtail.publish", "data": {}, "timestamp": "2023-09-11T17:30:58.534Z", "uuid": "3ab63ce8-0633-4a49-8f49-5bf227dee9d7", "user": 1, "revision": 9, "content_changed": true, "deleted": false, "page": 3}}, {"model": "wagtailcore.pagelogentry", "pk": 18, "fields": {"content_type": 2, "label": "Home", "action": "wagtail.edit", "data": {}, "timestamp": "2023-09-12T02:57:33.991Z", "uuid": "6de167eb-ba51-4f88-aa0f-a40892723024", "user": 1, "revision": 10, "content_changed": true, "deleted": false, "page": 3}}, {"model": "wagtailcore.pagelogentry", "pk": 19, "fields": {"content_type": 2, "label": "Home", "action": "wagtail.publish", "data": {}, "timestamp": "2023-09-12T02:57:34.106Z", "uuid": "6de167eb-ba51-4f88-aa0f-a40892723024", "user": 1, "revision": 10, "content_changed": true, "deleted": false, "page": 3}}, {"model": "wagtailcore.pagelogentry", "pk": 20, "fields": {"content_type": 57, "label": "Contact Us", "action": "wagtail.create", "data": {}, "timestamp": "2023-09-12T06:58:17.375Z", "uuid": "b16ba204-6693-45e6-9dba-574f74e2cea1", "user": 1, "revision": null, "content_changed": true, "deleted": false, "page": 4}}, {"model": "wagtailcore.pagelogentry", "pk": 21, "fields": {"content_type": 57, "label": "Contact Us", "action": "wagtail.edit", "data": {}, "timestamp": "2023-09-12T06:58:17.447Z", "uuid": "b16ba204-6693-45e6-9dba-574f74e2cea1", "user": 1, "revision": 11, "content_changed": true, "deleted": false, "page": 4}}, {"model": "wagtailcore.pagelogentry", "pk": 22, "fields": {"content_type": 57, "label": "Contact Us", "action": "wagtail.publish", "data": {}, "timestamp": "2023-09-12T06:58:17.568Z", "uuid": "b16ba204-6693-45e6-9dba-574f74e2cea1", "user": 1, "revision": 11, "content_changed": true, "deleted": false, "page": 4}}, {"model": "wagtailcore.pagelogentry", "pk": 23, "fields": {"content_type": 57, "label": "Contact Us", "action": "wagtail.edit", "data": {}, "timestamp": "2023-09-12T06:58:37.642Z", "uuid": "1ade771a-de28-46af-a66e-7a83ca6b23a8", "user": 1, "revision": 12, "content_changed": true, "deleted": false, "page": 4}}, {"model": "wagtailcore.pagelogentry", "pk": 24, "fields": {"content_type": 57, "label": "Contact Form", "action": "wagtail.rename", "data": {"title": {"old": "Contact Us", "new": "Contact Form"}}, "timestamp": "2023-09-12T06:58:37.786Z", "uuid": "1ade771a-de28-46af-a66e-7a83ca6b23a8", "user": 1, "revision": 12, "content_changed": false, "deleted": false, "page": 4}}, {"model": "wagtailcore.pagelogentry", "pk": 25, "fields": {"content_type": 57, "label": "Contact Form", "action": "wagtail.publish", "data": {"title": {"old": "Contact Us", "new": "Contact Form"}}, "timestamp": "2023-09-12T06:58:37.802Z", "uuid": "1ade771a-de28-46af-a66e-7a83ca6b23a8", "user": 1, "revision": 12, "content_changed": true, "deleted": false, "page": 4}}, {"model": "wagtailcore.pagelogentry", "pk": 26, "fields": {"content_type": 57, "label": "Donations", "action": "wagtail.create", "data": {}, "timestamp": "2023-09-12T10:08:45.624Z", "uuid": "453470ff-345f-4298-ab3e-32118be71eb9", "user": 1, "revision": null, "content_changed": true, "deleted": false, "page": 5}}, {"model": "wagtailcore.pagelogentry", "pk": 27, "fields": {"content_type": 57, "label": "Donations", "action": "wagtail.edit", "data": {}, "timestamp": "2023-09-12T10:08:45.704Z", "uuid": "453470ff-345f-4298-ab3e-32118be71eb9", "user": 1, "revision": 13, "content_changed": true, "deleted": false, "page": 5}}, {"model": "wagtailcore.pagelogentry", "pk": 28, "fields": {"content_type": 57, "label": "Donations", "action": "wagtail.publish", "data": {}, "timestamp": "2023-09-12T10:08:45.832Z", "uuid": "453470ff-345f-4298-ab3e-32118be71eb9", "user": 1, "revision": 13, "content_changed": true, "deleted": false, "page": 5}}, {"model": "wagtailcore.pagelogentry", "pk": 29, "fields": {"content_type": 57, "label": "Contact Form", "action": "wagtail.edit", "data": {}, "timestamp": "2023-09-12T10:24:09.389Z", "uuid": "1f18dbb3-cae5-4728-ab84-c8d56db1af58", "user": 1, "revision": 14, "content_changed": true, "deleted": false, "page": 4}}, {"model": "wagtailcore.pagelogentry", "pk": 30, "fields": {"content_type": 57, "label": "Contact", "action": "wagtail.rename", "data": {"title": {"old": "Contact Form", "new": "Contact"}}, "timestamp": "2023-09-12T10:24:09.557Z", "uuid": "1f18dbb3-cae5-4728-ab84-c8d56db1af58", "user": 1, "revision": 14, "content_changed": false, "deleted": false, "page": 4}}, {"model": "wagtailcore.pagelogentry", "pk": 31, "fields": {"content_type": 57, "label": "Contact", "action": "wagtail.publish", "data": {"title": {"old": "Contact Form", "new": "Contact"}}, "timestamp": "2023-09-12T10:24:09.581Z", "uuid": "1f18dbb3-cae5-4728-ab84-c8d56db1af58", "user": 1, "revision": 14, "content_changed": true, "deleted": false, "page": 4}}, {"model": "wagtailcore.pagelogentry", "pk": 32, "fields": {"content_type": 57, "label": "Contact", "action": "wagtail.edit", "data": {}, "timestamp": "2023-09-12T10:24:28.870Z", "uuid": "aaeb7dc2-cd74-405c-9061-45a6964203dc", "user": 1, "revision": 15, "content_changed": true, "deleted": false, "page": 4}}, {"model": "wagtailcore.pagelogentry", "pk": 33, "fields": {"content_type": 57, "label": "Contact", "action": "wagtail.publish", "data": {}, "timestamp": "2023-09-12T10:24:29.038Z", "uuid": "aaeb7dc2-cd74-405c-9061-45a6964203dc", "user": 1, "revision": 15, "content_changed": true, "deleted": false, "page": 4}}, {"model": "wagtailcore.pagelogentry", "pk": 34, "fields": {"content_type": 57, "label": "Contact", "action": "wagtail.edit", "data": {}, "timestamp": "2023-09-12T10:38:39.081Z", "uuid": "f7b8b9ac-e350-4eb0-93ad-7f409a624f67", "user": 1, "revision": 16, "content_changed": true, "deleted": false, "page": 4}}, {"model": "wagtailcore.pagelogentry", "pk": 35, "fields": {"content_type": 57, "label": "Contact", "action": "wagtail.publish", "data": {}, "timestamp": "2023-09-12T10:38:39.201Z", "uuid": "f7b8b9ac-e350-4eb0-93ad-7f409a624f67", "user": 1, "revision": 16, "content_changed": true, "deleted": false, "page": 4}}, {"model": "wagtailcore.pagelogentry", "pk": 36, "fields": {"content_type": 57, "label": "Donations", "action": "wagtail.edit", "data": {}, "timestamp": "2023-09-12T10:38:56.246Z", "uuid": "912b483b-c1c7-4dbd-adc5-e5b735585c56", "user": 1, "revision": 17, "content_changed": true, "deleted": false, "page": 5}}, {"model": "wagtailcore.pagelogentry", "pk": 37, "fields": {"content_type": 57, "label": "Donations", "action": "wagtail.publish", "data": {}, "timestamp": "2023-09-12T10:38:56.382Z", "uuid": "912b483b-c1c7-4dbd-adc5-e5b735585c56", "user": 1, "revision": 17, "content_changed": true, "deleted": false, "page": 5}}, {"model": "wagtailcore.pagesubscription", "pk": 1, "fields": {"user": 1, "page": 3, "comment_notifications": false}}, {"model": "wagtailcore.pagesubscription", "pk": 2, "fields": {"user": 1, "page": 4, "comment_notifications": true}}, {"model": "wagtailcore.pagesubscription", "pk": 3, "fields": {"user": 1, "page": 5, "comment_notifications": true}}, {"model": "auth.permission", "pk": 1, "fields": {"name": "Can access Wagtail admin", "content_type": 3, "codename": "access_admin"}}, {"model": "auth.permission", "pk": 2, "fields": {"name": "Can add document", "content_type": 5, "codename": "add_document"}}, {"model": "auth.permission", "pk": 3, "fields": {"name": "Can change document", "content_type": 5, "codename": "change_document"}}, {"model": "auth.permission", "pk": 4, "fields": {"name": "Can delete document", "content_type": 5, "codename": "delete_document"}}, {"model": "auth.permission", "pk": 5, "fields": {"name": "Can choose document", "content_type": 5, "codename": "choose_document"}}, {"model": "auth.permission", "pk": 6, "fields": {"name": "Can add image", "content_type": 6, "codename": "add_image"}}, {"model": "auth.permission", "pk": 7, "fields": {"name": "Can change image", "content_type": 6, "codename": "change_image"}}, {"model": "auth.permission", "pk": 8, "fields": {"name": "Can delete image", "content_type": 6, "codename": "delete_image"}}, {"model": "auth.permission", "pk": 9, "fields": {"name": "Can choose image", "content_type": 6, "codename": "choose_image"}}, {"model": "auth.permission", "pk": 10, "fields": {"name": "Can add home page", "content_type": 2, "codename": "add_homepage"}}, {"model": "auth.permission", "pk": 11, "fields": {"name": "Can change home page", "content_type": 2, "codename": "change_homepage"}}, {"model": "auth.permission", "pk": 12, "fields": {"name": "Can delete home page", "content_type": 2, "codename": "delete_homepage"}}, {"model": "auth.permission", "pk": 13, "fields": {"name": "Can view home page", "content_type": 2, "codename": "view_homepage"}}, {"model": "auth.permission", "pk": 14, "fields": {"name": "Can add form submission", "content_type": 7, "codename": "add_formsubmission"}}, {"model": "auth.permission", "pk": 15, "fields": {"name": "Can change form submission", "content_type": 7, "codename": "change_formsubmission"}}, {"model": "auth.permission", "pk": 16, "fields": {"name": "Can delete form submission", "content_type": 7, "codename": "delete_formsubmission"}}, {"model": "auth.permission", "pk": 17, "fields": {"name": "Can view form submission", "content_type": 7, "codename": "view_formsubmission"}}, {"model": "auth.permission", "pk": 18, "fields": {"name": "Can add redirect", "content_type": 8, "codename": "add_redirect"}}, {"model": "auth.permission", "pk": 19, "fields": {"name": "Can change redirect", "content_type": 8, "codename": "change_redirect"}}, {"model": "auth.permission", "pk": 20, "fields": {"name": "Can delete redirect", "content_type": 8, "codename": "delete_redirect"}}, {"model": "auth.permission", "pk": 21, "fields": {"name": "Can view redirect", "content_type": 8, "codename": "view_redirect"}}, {"model": "auth.permission", "pk": 22, "fields": {"name": "Can add embed", "content_type": 9, "codename": "add_embed"}}, {"model": "auth.permission", "pk": 23, "fields": {"name": "Can change embed", "content_type": 9, "codename": "change_embed"}}, {"model": "auth.permission", "pk": 24, "fields": {"name": "Can delete embed", "content_type": 9, "codename": "delete_embed"}}, {"model": "auth.permission", "pk": 25, "fields": {"name": "Can view embed", "content_type": 9, "codename": "view_embed"}}, {"model": "auth.permission", "pk": 26, "fields": {"name": "Can add user profile", "content_type": 10, "codename": "add_userprofile"}}, {"model": "auth.permission", "pk": 27, "fields": {"name": "Can change user profile", "content_type": 10, "codename": "change_userprofile"}}, {"model": "auth.permission", "pk": 28, "fields": {"name": "Can delete user profile", "content_type": 10, "codename": "delete_userprofile"}}, {"model": "auth.permission", "pk": 29, "fields": {"name": "Can view user profile", "content_type": 10, "codename": "view_userprofile"}}, {"model": "auth.permission", "pk": 30, "fields": {"name": "Can view document", "content_type": 5, "codename": "view_document"}}, {"model": "auth.permission", "pk": 31, "fields": {"name": "Can add uploaded document", "content_type": 11, "codename": "add_uploadeddocument"}}, {"model": "auth.permission", "pk": 32, "fields": {"name": "Can change uploaded document", "content_type": 11, "codename": "change_uploadeddocument"}}, {"model": "auth.permission", "pk": 33, "fields": {"name": "Can delete uploaded document", "content_type": 11, "codename": "delete_uploadeddocument"}}, {"model": "auth.permission", "pk": 34, "fields": {"name": "Can view uploaded document", "content_type": 11, "codename": "view_uploadeddocument"}}, {"model": "auth.permission", "pk": 35, "fields": {"name": "Can view image", "content_type": 6, "codename": "view_image"}}, {"model": "auth.permission", "pk": 36, "fields": {"name": "Can add rendition", "content_type": 12, "codename": "add_rendition"}}, {"model": "auth.permission", "pk": 37, "fields": {"name": "Can change rendition", "content_type": 12, "codename": "change_rendition"}}, {"model": "auth.permission", "pk": 38, "fields": {"name": "Can delete rendition", "content_type": 12, "codename": "delete_rendition"}}, {"model": "auth.permission", "pk": 39, "fields": {"name": "Can view rendition", "content_type": 12, "codename": "view_rendition"}}, {"model": "auth.permission", "pk": 40, "fields": {"name": "Can add uploaded image", "content_type": 13, "codename": "add_uploadedimage"}}, {"model": "auth.permission", "pk": 41, "fields": {"name": "Can change uploaded image", "content_type": 13, "codename": "change_uploadedimage"}}, {"model": "auth.permission", "pk": 42, "fields": {"name": "Can delete uploaded image", "content_type": 13, "codename": "delete_uploadedimage"}}, {"model": "auth.permission", "pk": 43, "fields": {"name": "Can view uploaded image", "content_type": 13, "codename": "view_uploadedimage"}}, {"model": "auth.permission", "pk": 44, "fields": {"name": "Can add query", "content_type": 14, "codename": "add_query"}}, {"model": "auth.permission", "pk": 45, "fields": {"name": "Can change query", "content_type": 14, "codename": "change_query"}}, {"model": "auth.permission", "pk": 46, "fields": {"name": "Can delete query", "content_type": 14, "codename": "delete_query"}}, {"model": "auth.permission", "pk": 47, "fields": {"name": "Can view query", "content_type": 14, "codename": "view_query"}}, {"model": "auth.permission", "pk": 48, "fields": {"name": "Can add Query Daily Hits", "content_type": 15, "codename": "add_querydailyhits"}}, {"model": "auth.permission", "pk": 49, "fields": {"name": "Can change Query Daily Hits", "content_type": 15, "codename": "change_querydailyhits"}}, {"model": "auth.permission", "pk": 50, "fields": {"name": "Can delete Query Daily Hits", "content_type": 15, "codename": "delete_querydailyhits"}}, {"model": "auth.permission", "pk": 51, "fields": {"name": "Can view Query Daily Hits", "content_type": 15, "codename": "view_querydailyhits"}}, {"model": "auth.permission", "pk": 52, "fields": {"name": "Can add index entry", "content_type": 16, "codename": "add_indexentry"}}, {"model": "auth.permission", "pk": 53, "fields": {"name": "Can change index entry", "content_type": 16, "codename": "change_indexentry"}}, {"model": "auth.permission", "pk": 54, "fields": {"name": "Can delete index entry", "content_type": 16, "codename": "delete_indexentry"}}, {"model": "auth.permission", "pk": 55, "fields": {"name": "Can view index entry", "content_type": 16, "codename": "view_indexentry"}}, {"model": "auth.permission", "pk": 56, "fields": {"name": "Can add sqliteftsindexentry", "content_type": 17, "codename": "add_sqliteftsindexentry"}}, {"model": "auth.permission", "pk": 57, "fields": {"name": "Can change sqliteftsindexentry", "content_type": 17, "codename": "change_sqliteftsindexentry"}}, {"model": "auth.permission", "pk": 58, "fields": {"name": "Can delete sqliteftsindexentry", "content_type": 17, "codename": "delete_sqliteftsindexentry"}}, {"model": "auth.permission", "pk": 59, "fields": {"name": "Can view sqliteftsindexentry", "content_type": 17, "codename": "view_sqliteftsindexentry"}}, {"model": "auth.permission", "pk": 60, "fields": {"name": "Can add page", "content_type": 1, "codename": "add_page"}}, {"model": "auth.permission", "pk": 61, "fields": {"name": "Can change page", "content_type": 1, "codename": "change_page"}}, {"model": "auth.permission", "pk": 62, "fields": {"name": "Can delete page", "content_type": 1, "codename": "delete_page"}}, {"model": "auth.permission", "pk": 63, "fields": {"name": "Can view page", "content_type": 1, "codename": "view_page"}}, {"model": "auth.permission", "pk": 64, "fields": {"name": "Can add group page permission", "content_type": 18, "codename": "add_grouppagepermission"}}, {"model": "auth.permission", "pk": 65, "fields": {"name": "Can change group page permission", "content_type": 18, "codename": "change_grouppagepermission"}}, {"model": "auth.permission", "pk": 66, "fields": {"name": "Can delete group page permission", "content_type": 18, "codename": "delete_grouppagepermission"}}, {"model": "auth.permission", "pk": 67, "fields": {"name": "Can view group page permission", "content_type": 18, "codename": "view_grouppagepermission"}}, {"model": "auth.permission", "pk": 68, "fields": {"name": "Can add page view restriction", "content_type": 19, "codename": "add_pageviewrestriction"}}, {"model": "auth.permission", "pk": 69, "fields": {"name": "Can change page view restriction", "content_type": 19, "codename": "change_pageviewrestriction"}}, {"model": "auth.permission", "pk": 70, "fields": {"name": "Can delete page view restriction", "content_type": 19, "codename": "delete_pageviewrestriction"}}, {"model": "auth.permission", "pk": 71, "fields": {"name": "Can view page view restriction", "content_type": 19, "codename": "view_pageviewrestriction"}}, {"model": "auth.permission", "pk": 72, "fields": {"name": "Can add site", "content_type": 20, "codename": "add_site"}}, {"model": "auth.permission", "pk": 73, "fields": {"name": "Can change site", "content_type": 20, "codename": "change_site"}}, {"model": "auth.permission", "pk": 74, "fields": {"name": "Can delete site", "content_type": 20, "codename": "delete_site"}}, {"model": "auth.permission", "pk": 75, "fields": {"name": "Can view site", "content_type": 20, "codename": "view_site"}}, {"model": "auth.permission", "pk": 76, "fields": {"name": "Can add collection", "content_type": 21, "codename": "add_collection"}}, {"model": "auth.permission", "pk": 77, "fields": {"name": "Can change collection", "content_type": 21, "codename": "change_collection"}}, {"model": "auth.permission", "pk": 78, "fields": {"name": "Can delete collection", "content_type": 21, "codename": "delete_collection"}}, {"model": "auth.permission", "pk": 79, "fields": {"name": "Can view collection", "content_type": 21, "codename": "view_collection"}}, {"model": "auth.permission", "pk": 80, "fields": {"name": "Can add group collection permission", "content_type": 22, "codename": "add_groupcollectionpermission"}}, {"model": "auth.permission", "pk": 81, "fields": {"name": "Can change group collection permission", "content_type": 22, "codename": "change_groupcollectionpermission"}}, {"model": "auth.permission", "pk": 82, "fields": {"name": "Can delete group collection permission", "content_type": 22, "codename": "delete_groupcollectionpermission"}}, {"model": "auth.permission", "pk": 83, "fields": {"name": "Can view group collection permission", "content_type": 22, "codename": "view_groupcollectionpermission"}}, {"model": "auth.permission", "pk": 84, "fields": {"name": "Can add collection view restriction", "content_type": 23, "codename": "add_collectionviewrestriction"}}, {"model": "auth.permission", "pk": 85, "fields": {"name": "Can change collection view restriction", "content_type": 23, "codename": "change_collectionviewrestriction"}}, {"model": "auth.permission", "pk": 86, "fields": {"name": "Can delete collection view restriction", "content_type": 23, "codename": "delete_collectionviewrestriction"}}, {"model": "auth.permission", "pk": 87, "fields": {"name": "Can view collection view restriction", "content_type": 23, "codename": "view_collectionviewrestriction"}}, {"model": "auth.permission", "pk": 88, "fields": {"name": "Can add task", "content_type": 24, "codename": "add_task"}}, {"model": "auth.permission", "pk": 89, "fields": {"name": "Can change task", "content_type": 24, "codename": "change_task"}}, {"model": "auth.permission", "pk": 90, "fields": {"name": "Can delete task", "content_type": 24, "codename": "delete_task"}}, {"model": "auth.permission", "pk": 91, "fields": {"name": "Can view task", "content_type": 24, "codename": "view_task"}}, {"model": "auth.permission", "pk": 92, "fields": {"name": "Can add Task state", "content_type": 25, "codename": "add_taskstate"}}, {"model": "auth.permission", "pk": 93, "fields": {"name": "Can change Task state", "content_type": 25, "codename": "change_taskstate"}}, {"model": "auth.permission", "pk": 94, "fields": {"name": "Can delete Task state", "content_type": 25, "codename": "delete_taskstate"}}, {"model": "auth.permission", "pk": 95, "fields": {"name": "Can view Task state", "content_type": 25, "codename": "view_taskstate"}}, {"model": "auth.permission", "pk": 96, "fields": {"name": "Can add workflow", "content_type": 26, "codename": "add_workflow"}}, {"model": "auth.permission", "pk": 97, "fields": {"name": "Can change workflow", "content_type": 26, "codename": "change_workflow"}}, {"model": "auth.permission", "pk": 98, "fields": {"name": "Can delete workflow", "content_type": 26, "codename": "delete_workflow"}}, {"model": "auth.permission", "pk": 99, "fields": {"name": "Can view workflow", "content_type": 26, "codename": "view_workflow"}}, {"model": "auth.permission", "pk": 100, "fields": {"name": "Can add Group approval task", "content_type": 4, "codename": "add_groupapprovaltask"}}, {"model": "auth.permission", "pk": 101, "fields": {"name": "Can change Group approval task", "content_type": 4, "codename": "change_groupapprovaltask"}}, {"model": "auth.permission", "pk": 102, "fields": {"name": "Can delete Group approval task", "content_type": 4, "codename": "delete_groupapprovaltask"}}, {"model": "auth.permission", "pk": 103, "fields": {"name": "Can view Group approval task", "content_type": 4, "codename": "view_groupapprovaltask"}}, {"model": "auth.permission", "pk": 104, "fields": {"name": "Can add Workflow state", "content_type": 27, "codename": "add_workflowstate"}}, {"model": "auth.permission", "pk": 105, "fields": {"name": "Can change Workflow state", "content_type": 27, "codename": "change_workflowstate"}}, {"model": "auth.permission", "pk": 106, "fields": {"name": "Can delete Workflow state", "content_type": 27, "codename": "delete_workflowstate"}}, {"model": "auth.permission", "pk": 107, "fields": {"name": "Can view Workflow state", "content_type": 27, "codename": "view_workflowstate"}}, {"model": "auth.permission", "pk": 108, "fields": {"name": "Can add workflow page", "content_type": 28, "codename": "add_workflowpage"}}, {"model": "auth.permission", "pk": 109, "fields": {"name": "Can change workflow page", "content_type": 28, "codename": "change_workflowpage"}}, {"model": "auth.permission", "pk": 110, "fields": {"name": "Can delete workflow page", "content_type": 28, "codename": "delete_workflowpage"}}, {"model": "auth.permission", "pk": 111, "fields": {"name": "Can view workflow page", "content_type": 28, "codename": "view_workflowpage"}}, {"model": "auth.permission", "pk": 112, "fields": {"name": "Can add workflow task order", "content_type": 29, "codename": "add_workflowtask"}}, {"model": "auth.permission", "pk": 113, "fields": {"name": "Can change workflow task order", "content_type": 29, "codename": "change_workflowtask"}}, {"model": "auth.permission", "pk": 114, "fields": {"name": "Can delete workflow task order", "content_type": 29, "codename": "delete_workflowtask"}}, {"model": "auth.permission", "pk": 115, "fields": {"name": "Can view workflow task order", "content_type": 29, "codename": "view_workflowtask"}}, {"model": "auth.permission", "pk": 116, "fields": {"name": "Can add page log entry", "content_type": 30, "codename": "add_pagelogentry"}}, {"model": "auth.permission", "pk": 117, "fields": {"name": "Can change page log entry", "content_type": 30, "codename": "change_pagelogentry"}}, {"model": "auth.permission", "pk": 118, "fields": {"name": "Can delete page log entry", "content_type": 30, "codename": "delete_pagelogentry"}}, {"model": "auth.permission", "pk": 119, "fields": {"name": "Can view page log entry", "content_type": 30, "codename": "view_pagelogentry"}}, {"model": "auth.permission", "pk": 120, "fields": {"name": "Can add locale", "content_type": 31, "codename": "add_locale"}}, {"model": "auth.permission", "pk": 121, "fields": {"name": "Can change locale", "content_type": 31, "codename": "change_locale"}}, {"model": "auth.permission", "pk": 122, "fields": {"name": "Can delete locale", "content_type": 31, "codename": "delete_locale"}}, {"model": "auth.permission", "pk": 123, "fields": {"name": "Can view locale", "content_type": 31, "codename": "view_locale"}}, {"model": "auth.permission", "pk": 124, "fields": {"name": "Can add comment", "content_type": 32, "codename": "add_comment"}}, {"model": "auth.permission", "pk": 125, "fields": {"name": "Can change comment", "content_type": 32, "codename": "change_comment"}}, {"model": "auth.permission", "pk": 126, "fields": {"name": "Can delete comment", "content_type": 32, "codename": "delete_comment"}}, {"model": "auth.permission", "pk": 127, "fields": {"name": "Can view comment", "content_type": 32, "codename": "view_comment"}}, {"model": "auth.permission", "pk": 128, "fields": {"name": "Can add comment reply", "content_type": 33, "codename": "add_commentreply"}}, {"model": "auth.permission", "pk": 129, "fields": {"name": "Can change comment reply", "content_type": 33, "codename": "change_commentreply"}}, {"model": "auth.permission", "pk": 130, "fields": {"name": "Can delete comment reply", "content_type": 33, "codename": "delete_commentreply"}}, {"model": "auth.permission", "pk": 131, "fields": {"name": "Can view comment reply", "content_type": 33, "codename": "view_commentreply"}}, {"model": "auth.permission", "pk": 132, "fields": {"name": "Can add page subscription", "content_type": 34, "codename": "add_pagesubscription"}}, {"model": "auth.permission", "pk": 133, "fields": {"name": "Can change page subscription", "content_type": 34, "codename": "change_pagesubscription"}}, {"model": "auth.permission", "pk": 134, "fields": {"name": "Can delete page subscription", "content_type": 34, "codename": "delete_pagesubscription"}}, {"model": "auth.permission", "pk": 135, "fields": {"name": "Can view page subscription", "content_type": 34, "codename": "view_pagesubscription"}}, {"model": "auth.permission", "pk": 136, "fields": {"name": "Can add model log entry", "content_type": 35, "codename": "add_modellogentry"}}, {"model": "auth.permission", "pk": 137, "fields": {"name": "Can change model log entry", "content_type": 35, "codename": "change_modellogentry"}}, {"model": "auth.permission", "pk": 138, "fields": {"name": "Can delete model log entry", "content_type": 35, "codename": "delete_modellogentry"}}, {"model": "auth.permission", "pk": 139, "fields": {"name": "Can view model log entry", "content_type": 35, "codename": "view_modellogentry"}}, {"model": "auth.permission", "pk": 140, "fields": {"name": "Can add revision", "content_type": 36, "codename": "add_revision"}}, {"model": "auth.permission", "pk": 141, "fields": {"name": "Can change revision", "content_type": 36, "codename": "change_revision"}}, {"model": "auth.permission", "pk": 142, "fields": {"name": "Can delete revision", "content_type": 36, "codename": "delete_revision"}}, {"model": "auth.permission", "pk": 143, "fields": {"name": "Can view revision", "content_type": 36, "codename": "view_revision"}}, {"model": "auth.permission", "pk": 144, "fields": {"name": "Can add reference index", "content_type": 37, "codename": "add_referenceindex"}}, {"model": "auth.permission", "pk": 145, "fields": {"name": "Can change reference index", "content_type": 37, "codename": "change_referenceindex"}}, {"model": "auth.permission", "pk": 146, "fields": {"name": "Can delete reference index", "content_type": 37, "codename": "delete_referenceindex"}}, {"model": "auth.permission", "pk": 147, "fields": {"name": "Can view reference index", "content_type": 37, "codename": "view_referenceindex"}}, {"model": "auth.permission", "pk": 148, "fields": {"name": "Can add workflow content type", "content_type": 38, "codename": "add_workflowcontenttype"}}, {"model": "auth.permission", "pk": 149, "fields": {"name": "Can change workflow content type", "content_type": 38, "codename": "change_workflowcontenttype"}}, {"model": "auth.permission", "pk": 150, "fields": {"name": "Can delete workflow content type", "content_type": 38, "codename": "delete_workflowcontenttype"}}, {"model": "auth.permission", "pk": 151, "fields": {"name": "Can view workflow content type", "content_type": 38, "codename": "view_workflowcontenttype"}}, {"model": "auth.permission", "pk": 152, "fields": {"name": "Can add tag", "content_type": 39, "codename": "add_tag"}}, {"model": "auth.permission", "pk": 153, "fields": {"name": "Can change tag", "content_type": 39, "codename": "change_tag"}}, {"model": "auth.permission", "pk": 154, "fields": {"name": "Can delete tag", "content_type": 39, "codename": "delete_tag"}}, {"model": "auth.permission", "pk": 155, "fields": {"name": "Can view tag", "content_type": 39, "codename": "view_tag"}}, {"model": "auth.permission", "pk": 156, "fields": {"name": "Can add tagged item", "content_type": 40, "codename": "add_taggeditem"}}, {"model": "auth.permission", "pk": 157, "fields": {"name": "Can change tagged item", "content_type": 40, "codename": "change_taggeditem"}}, {"model": "auth.permission", "pk": 158, "fields": {"name": "Can delete tagged item", "content_type": 40, "codename": "delete_taggeditem"}}, {"model": "auth.permission", "pk": 159, "fields": {"name": "Can view tagged item", "content_type": 40, "codename": "view_taggeditem"}}, {"model": "auth.permission", "pk": 160, "fields": {"name": "Can add log entry", "content_type": 41, "codename": "add_logentry"}}, {"model": "auth.permission", "pk": 161, "fields": {"name": "Can change log entry", "content_type": 41, "codename": "change_logentry"}}, {"model": "auth.permission", "pk": 162, "fields": {"name": "Can delete log entry", "content_type": 41, "codename": "delete_logentry"}}, {"model": "auth.permission", "pk": 163, "fields": {"name": "Can view log entry", "content_type": 41, "codename": "view_logentry"}}, {"model": "auth.permission", "pk": 164, "fields": {"name": "Can add permission", "content_type": 42, "codename": "add_permission"}}, {"model": "auth.permission", "pk": 165, "fields": {"name": "Can change permission", "content_type": 42, "codename": "change_permission"}}, {"model": "auth.permission", "pk": 166, "fields": {"name": "Can delete permission", "content_type": 42, "codename": "delete_permission"}}, {"model": "auth.permission", "pk": 167, "fields": {"name": "Can view permission", "content_type": 42, "codename": "view_permission"}}, {"model": "auth.permission", "pk": 168, "fields": {"name": "Can add group", "content_type": 43, "codename": "add_group"}}, {"model": "auth.permission", "pk": 169, "fields": {"name": "Can change group", "content_type": 43, "codename": "change_group"}}, {"model": "auth.permission", "pk": 170, "fields": {"name": "Can delete group", "content_type": 43, "codename": "delete_group"}}, {"model": "auth.permission", "pk": 171, "fields": {"name": "Can view group", "content_type": 43, "codename": "view_group"}}, {"model": "auth.permission", "pk": 172, "fields": {"name": "Can add user", "content_type": 44, "codename": "add_user"}}, {"model": "auth.permission", "pk": 173, "fields": {"name": "Can change user", "content_type": 44, "codename": "change_user"}}, {"model": "auth.permission", "pk": 174, "fields": {"name": "Can delete user", "content_type": 44, "codename": "delete_user"}}, {"model": "auth.permission", "pk": 175, "fields": {"name": "Can view user", "content_type": 44, "codename": "view_user"}}, {"model": "auth.permission", "pk": 176, "fields": {"name": "Can add content type", "content_type": 45, "codename": "add_contenttype"}}, {"model": "auth.permission", "pk": 177, "fields": {"name": "Can change content type", "content_type": 45, "codename": "change_contenttype"}}, {"model": "auth.permission", "pk": 178, "fields": {"name": "Can delete content type", "content_type": 45, "codename": "delete_contenttype"}}, {"model": "auth.permission", "pk": 179, "fields": {"name": "Can view content type", "content_type": 45, "codename": "view_contenttype"}}, {"model": "auth.permission", "pk": 180, "fields": {"name": "Can add session", "content_type": 46, "codename": "add_session"}}, {"model": "auth.permission", "pk": 181, "fields": {"name": "Can change session", "content_type": 46, "codename": "change_session"}}, {"model": "auth.permission", "pk": 182, "fields": {"name": "Can delete session", "content_type": 46, "codename": "delete_session"}}, {"model": "auth.permission", "pk": 183, "fields": {"name": "Can view session", "content_type": 46, "codename": "view_session"}}, {"model": "auth.permission", "pk": 184, "fields": {"name": "Can add organisation setup", "content_type": 47, "codename": "add_organisationsetup"}}, {"model": "auth.permission", "pk": 185, "fields": {"name": "Can change organisation setup", "content_type": 47, "codename": "change_organisationsetup"}}, {"model": "auth.permission", "pk": 186, "fields": {"name": "Can delete organisation setup", "content_type": 47, "codename": "delete_organisationsetup"}}, {"model": "auth.permission", "pk": 187, "fields": {"name": "Can view organisation setup", "content_type": 47, "codename": "view_organisationsetup"}}, {"model": "auth.permission", "pk": 188, "fields": {"name": "Can add Social Media Link", "content_type": 48, "codename": "add_socialmediasite"}}, {"model": "auth.permission", "pk": 189, "fields": {"name": "Can change Social Media Link", "content_type": 48, "codename": "change_socialmediasite"}}, {"model": "auth.permission", "pk": 190, "fields": {"name": "Can delete Social Media Link", "content_type": 48, "codename": "delete_socialmediasite"}}, {"model": "auth.permission", "pk": 191, "fields": {"name": "Can view Social Media Link", "content_type": 48, "codename": "view_socialmediasite"}}, {"model": "auth.permission", "pk": 192, "fields": {"name": "Can add flat menu", "content_type": 49, "codename": "add_flatmenu"}}, {"model": "auth.permission", "pk": 193, "fields": {"name": "Can change flat menu", "content_type": 49, "codename": "change_flatmenu"}}, {"model": "auth.permission", "pk": 194, "fields": {"name": "Can delete flat menu", "content_type": 49, "codename": "delete_flatmenu"}}, {"model": "auth.permission", "pk": 195, "fields": {"name": "Can view flat menu", "content_type": 49, "codename": "view_flatmenu"}}, {"model": "auth.permission", "pk": 196, "fields": {"name": "Can add menu item", "content_type": 50, "codename": "add_flatmenuitem"}}, {"model": "auth.permission", "pk": 197, "fields": {"name": "Can change menu item", "content_type": 50, "codename": "change_flatmenuitem"}}, {"model": "auth.permission", "pk": 198, "fields": {"name": "Can delete menu item", "content_type": 50, "codename": "delete_flatmenuitem"}}, {"model": "auth.permission", "pk": 199, "fields": {"name": "Can view menu item", "content_type": 50, "codename": "view_flatmenuitem"}}, {"model": "auth.permission", "pk": 200, "fields": {"name": "Can add main menu", "content_type": 51, "codename": "add_mainmenu"}}, {"model": "auth.permission", "pk": 201, "fields": {"name": "Can change main menu", "content_type": 51, "codename": "change_mainmenu"}}, {"model": "auth.permission", "pk": 202, "fields": {"name": "Can delete main menu", "content_type": 51, "codename": "delete_mainmenu"}}, {"model": "auth.permission", "pk": 203, "fields": {"name": "Can view main menu", "content_type": 51, "codename": "view_mainmenu"}}, {"model": "auth.permission", "pk": 204, "fields": {"name": "Can add menu item", "content_type": 52, "codename": "add_mainmenuitem"}}, {"model": "auth.permission", "pk": 205, "fields": {"name": "Can change menu item", "content_type": 52, "codename": "change_mainmenuitem"}}, {"model": "auth.permission", "pk": 206, "fields": {"name": "Can delete menu item", "content_type": 52, "codename": "delete_mainmenuitem"}}, {"model": "auth.permission", "pk": 207, "fields": {"name": "Can view menu item", "content_type": 52, "codename": "view_mainmenuitem"}}, {"model": "auth.permission", "pk": 208, "fields": {"name": "Can add Testimonials", "content_type": 53, "codename": "add_testimonial"}}, {"model": "auth.permission", "pk": 209, "fields": {"name": "Can change Testimonials", "content_type": 53, "codename": "change_testimonial"}}, {"model": "auth.permission", "pk": 210, "fields": {"name": "Can delete Testimonials", "content_type": 53, "codename": "delete_testimonial"}}, {"model": "auth.permission", "pk": 211, "fields": {"name": "Can view Testimonials", "content_type": 53, "codename": "view_testimonial"}}, {"model": "auth.permission", "pk": 212, "fields": {"name": "Can add Home Page Carousel Slide", "content_type": 54, "codename": "add_homepagecarousel"}}, {"model": "auth.permission", "pk": 213, "fields": {"name": "Can change Home Page Carousel Slide", "content_type": 54, "codename": "change_homepagecarousel"}}, {"model": "auth.permission", "pk": 214, "fields": {"name": "Can delete Home Page Carousel Slide", "content_type": 54, "codename": "delete_homepagecarousel"}}, {"model": "auth.permission", "pk": 215, "fields": {"name": "Can view Home Page Carousel Slide", "content_type": 54, "codename": "view_homepagecarousel"}}, {"model": "auth.permission", "pk": 216, "fields": {"name": "Can add page buttons", "content_type": 55, "codename": "add_pagebuttons"}}, {"model": "auth.permission", "pk": 217, "fields": {"name": "Can change page buttons", "content_type": 55, "codename": "change_pagebuttons"}}, {"model": "auth.permission", "pk": 218, "fields": {"name": "Can delete page buttons", "content_type": 55, "codename": "delete_pagebuttons"}}, {"model": "auth.permission", "pk": 219, "fields": {"name": "Can view page buttons", "content_type": 55, "codename": "view_pagebuttons"}}, {"model": "auth.permission", "pk": 220, "fields": {"name": "Can add form field", "content_type": 56, "codename": "add_formfield"}}, {"model": "auth.permission", "pk": 221, "fields": {"name": "Can change form field", "content_type": 56, "codename": "change_formfield"}}, {"model": "auth.permission", "pk": 222, "fields": {"name": "Can delete form field", "content_type": 56, "codename": "delete_formfield"}}, {"model": "auth.permission", "pk": 223, "fields": {"name": "Can view form field", "content_type": 56, "codename": "view_formfield"}}, {"model": "auth.permission", "pk": 224, "fields": {"name": "Can add partnership page", "content_type": 57, "codename": "add_partnershippage"}}, {"model": "auth.permission", "pk": 225, "fields": {"name": "Can change partnership page", "content_type": 57, "codename": "change_partnershippage"}}, {"model": "auth.permission", "pk": 226, "fields": {"name": "Can delete partnership page", "content_type": 57, "codename": "delete_partnershippage"}}, {"model": "auth.permission", "pk": 227, "fields": {"name": "Can view partnership page", "content_type": 57, "codename": "view_partnershippage"}}, {"model": "auth.permission", "pk": 228, "fields": {"name": "Can add forms page", "content_type": 57, "codename": "add_formspage"}}, {"model": "auth.permission", "pk": 229, "fields": {"name": "Can change forms page", "content_type": 57, "codename": "change_formspage"}}, {"model": "auth.permission", "pk": 230, "fields": {"name": "Can delete forms page", "content_type": 57, "codename": "delete_formspage"}}, {"model": "auth.permission", "pk": 231, "fields": {"name": "Can view forms page", "content_type": 57, "codename": "view_formspage"}}, {"model": "auth.group", "pk": 1, "fields": {"name": "Moderators", "permissions": [1, 2, 3, 5, 4, 6, 7, 9, 8]}}, {"model": "auth.group", "pk": 2, "fields": {"name": "Editors", "permissions": [1, 2, 3, 5, 4, 6, 7, 9, 8]}}, {"model": "auth.user", "pk": 1, "fields": {"password": "pbkdf2_sha256$600000$BAvs8DMHIdpxIxpEzfcniy$cDjo3lMB9Jz3uL4Npo9yJQJ2BAADlYR6DW0TJG/M6nQ=", "last_login": "2023-09-11T05:27:57.554Z", "is_superuser": true, "username": "admin", "first_name": "", "last_name": "", "email": "admin@apn.net", "is_staff": true, "is_active": true, "date_joined": "2023-09-09T18:14:41.663Z", "groups": [], "user_permissions": []}}, {"model": "contenttypes.contenttype", "pk": 1, "fields": {"app_label": "wagtailcore", "model": "page"}}, {"model": "contenttypes.contenttype", "pk": 2, "fields": {"app_label": "home", "model": "homepage"}}, {"model": "contenttypes.contenttype", "pk": 3, "fields": {"app_label": "wagtailadmin", "model": "admin"}}, {"model": "contenttypes.contenttype", "pk": 4, "fields": {"app_label": "wagtailcore", "model": "groupapprovaltask"}}, {"model": "contenttypes.contenttype", "pk": 5, "fields": {"app_label": "wagtaildocs", "model": "document"}}, {"model": "contenttypes.contenttype", "pk": 6, "fields": {"app_label": "wagtailimages", "model": "image"}}, {"model": "contenttypes.contenttype", "pk": 7, "fields": {"app_label": "wagtailforms", "model": "formsubmission"}}, {"model": "contenttypes.contenttype", "pk": 8, "fields": {"app_label": "wagtailredirects", "model": "redirect"}}, {"model": "contenttypes.contenttype", "pk": 9, "fields": {"app_label": "wagtailembeds", "model": "embed"}}, {"model": "contenttypes.contenttype", "pk": 10, "fields": {"app_label": "wagtailusers", "model": "userprofile"}}, {"model": "contenttypes.contenttype", "pk": 11, "fields": {"app_label": "wagtaildocs", "model": "uploadeddocument"}}, {"model": "contenttypes.contenttype", "pk": 12, "fields": {"app_label": "wagtailimages", "model": "rendition"}}, {"model": "contenttypes.contenttype", "pk": 13, "fields": {"app_label": "wagtailimages", "model": "uploadedimage"}}, {"model": "contenttypes.contenttype", "pk": 14, "fields": {"app_label": "wagtailsearch", "model": "query"}}, {"model": "contenttypes.contenttype", "pk": 15, "fields": {"app_label": "wagtailsearch", "model": "querydailyhits"}}, {"model": "contenttypes.contenttype", "pk": 16, "fields": {"app_label": "wagtailsearch", "model": "indexentry"}}, {"model": "contenttypes.contenttype", "pk": 17, "fields": {"app_label": "wagtailsearch", "model": "sqliteftsindexentry"}}, {"model": "contenttypes.contenttype", "pk": 18, "fields": {"app_label": "wagtailcore", "model": "grouppagepermission"}}, {"model": "contenttypes.contenttype", "pk": 19, "fields": {"app_label": "wagtailcore", "model": "pageviewrestriction"}}, {"model": "contenttypes.contenttype", "pk": 20, "fields": {"app_label": "wagtailcore", "model": "site"}}, {"model": "contenttypes.contenttype", "pk": 21, "fields": {"app_label": "wagtailcore", "model": "collection"}}, {"model": "contenttypes.contenttype", "pk": 22, "fields": {"app_label": "wagtailcore", "model": "groupcollectionpermission"}}, {"model": "contenttypes.contenttype", "pk": 23, "fields": {"app_label": "wagtailcore", "model": "collectionviewrestriction"}}, {"model": "contenttypes.contenttype", "pk": 24, "fields": {"app_label": "wagtailcore", "model": "task"}}, {"model": "contenttypes.contenttype", "pk": 25, "fields": {"app_label": "wagtailcore", "model": "taskstate"}}, {"model": "contenttypes.contenttype", "pk": 26, "fields": {"app_label": "wagtailcore", "model": "workflow"}}, {"model": "contenttypes.contenttype", "pk": 27, "fields": {"app_label": "wagtailcore", "model": "workflowstate"}}, {"model": "contenttypes.contenttype", "pk": 28, "fields": {"app_label": "wagtailcore", "model": "workflowpage"}}, {"model": "contenttypes.contenttype", "pk": 29, "fields": {"app_label": "wagtailcore", "model": "workflowtask"}}, {"model": "contenttypes.contenttype", "pk": 30, "fields": {"app_label": "wagtailcore", "model": "pagelogentry"}}, {"model": "contenttypes.contenttype", "pk": 31, "fields": {"app_label": "wagtailcore", "model": "locale"}}, {"model": "contenttypes.contenttype", "pk": 32, "fields": {"app_label": "wagtailcore", "model": "comment"}}, {"model": "contenttypes.contenttype", "pk": 33, "fields": {"app_label": "wagtailcore", "model": "commentreply"}}, {"model": "contenttypes.contenttype", "pk": 34, "fields": {"app_label": "wagtailcore", "model": "pagesubscription"}}, {"model": "contenttypes.contenttype", "pk": 35, "fields": {"app_label": "wagtailcore", "model": "modellogentry"}}, {"model": "contenttypes.contenttype", "pk": 36, "fields": {"app_label": "wagtailcore", "model": "revision"}}, {"model": "contenttypes.contenttype", "pk": 37, "fields": {"app_label": "wagtailcore", "model": "referenceindex"}}, {"model": "contenttypes.contenttype", "pk": 38, "fields": {"app_label": "wagtailcore", "model": "workflowcontenttype"}}, {"model": "contenttypes.contenttype", "pk": 39, "fields": {"app_label": "taggit", "model": "tag"}}, {"model": "contenttypes.contenttype", "pk": 40, "fields": {"app_label": "taggit", "model": "taggeditem"}}, {"model": "contenttypes.contenttype", "pk": 41, "fields": {"app_label": "admin", "model": "logentry"}}, {"model": "contenttypes.contenttype", "pk": 42, "fields": {"app_label": "auth", "model": "permission"}}, {"model": "contenttypes.contenttype", "pk": 43, "fields": {"app_label": "auth", "model": "group"}}, {"model": "contenttypes.contenttype", "pk": 44, "fields": {"app_label": "auth", "model": "user"}}, {"model": "contenttypes.contenttype", "pk": 45, "fields": {"app_label": "contenttypes", "model": "contenttype"}}, {"model": "contenttypes.contenttype", "pk": 46, "fields": {"app_label": "sessions", "model": "session"}}, {"model": "contenttypes.contenttype", "pk": 47, "fields": {"app_label": "config", "model": "organisationsetup"}}, {"model": "contenttypes.contenttype", "pk": 48, "fields": {"app_label": "config", "model": "socialmediasite"}}, {"model": "contenttypes.contenttype", "pk": 49, "fields": {"app_label": "wagtailmenus", "model": "flatmenu"}}, {"model": "contenttypes.contenttype", "pk": 50, "fields": {"app_label": "wagtailmenus", "model": "flatmenuitem"}}, {"model": "contenttypes.contenttype", "pk": 51, "fields": {"app_label": "wagtailmenus", "model": "mainmenu"}}, {"model": "contenttypes.contenttype", "pk": 52, "fields": {"app_label": "wagtailmenus", "model": "mainmenuitem"}}, {"model": "contenttypes.contenttype", "pk": 53, "fields": {"app_label": "home", "model": "testimonial"}}, {"model": "contenttypes.contenttype", "pk": 54, "fields": {"app_label": "home", "model": "homepagecarousel"}}, {"model": "contenttypes.contenttype", "pk": 55, "fields": {"app_label": "config", "model": "pagebuttons"}}, {"model": "contenttypes.contenttype", "pk": 56, "fields": {"app_label": "partnership", "model": "formfield"}}, {"model": "contenttypes.contenttype", "pk": 57, "fields": {"app_label": "partnership", "model": "formspage"}}, {"model": "sessions.session", "pk": "d5uy1u8msevtk6lrhboz8g1vslahkiwa", "fields": {"session_data": ".eJzdWm1v2zgS_i8Bki9cGXqXvIA_pEm6TbdN2iTdvhwWBkWOLCaSqIpSXO_h_vsNJbmRFNtxu3u47QJFK8-MKM7DmeEzZP99MKd1lcxrBeVc8IOfD6yDn_qyiLI7yLWC39J8ISdM5lUpook2mXRaNXktOaTPOtvBAAlVCb7tcSuMYvAgAB_iKLI8l3Ob-YHrmk7kTf3Adu0Agiic-jbYrh8wP56iLuSRS31XD6pAKSHzOXwpRLk6-Nn86WBJFxUVqVGUcC9gaTgHP__rgKkyzgTnKSxpCZXESc3YL_6FOk9uzEtnofhxGJ6eWr_G6bHtfPj84uxU0bfOy_DDL55_Zl8HjvPHL0UMeRIvIVu94zfX-VEOX6rZUSWqFGYvZAZHjJYSPUyNm8ub41fz55dXr69nzoP4_OL85nyT4vX5xfzi3etOYfUUxx96Cu9BYRrtdy9kjp7KWFR9naqjeav_KGvCaE5UXRSyrEitSCXJopRLkskS-i-JjC5gZg9EvD8Z07i8Oj27GopOz16d3ZzNHkRWN7MXdUZzUa36mod5vUmBKiAVpClZybokcSl02BAayboiWrKESIkK-u-3U3QGIt6fstVNcSB6NEW7m2IEhJJfRc7JC6Bl1TfozRTRbaOMpoQltESfSJVABiRCFziROXkmZaWqkhbEm9gTuz9QO2VrIOJ9F-xuygPResqR5CuDyTqvZm77wzQwraACPlv_liWHcmauf1arAmZLSJmOyE6GX2SWaVk8jgxm88hwmU2NyPcdA1PNZq5nTqf8q_k9TWswKKt0akWpZHfjOWyweDyxjUaj2W60aVzYaYEO-eD4thebBroVGO50Ckbkha7BzXjq-L7pW2a0c4xWWEiFq_O0ncAq94T_A2FOM5g9A70KGGSHzkl06JzdyxRhBCjx96H9XIv2GDEV-d28aCN_u7W1D_5Wh_8uj60n8W-yjoHF7enUMfwAUXcj3zQigNAIYxbiCoBtOd7OMR7wt_ewa_DfZ8A-_h3sbzC58z7oZCmqhLxTewy3H_j2PuDbHfi73LWfBL-pH6bHzZD6scEiZhkux2UIGcUUDKIo9jx3avm7gt_ugb_brR74_h6GffBf07te6J9i_dS6vSLf_ibwnX3Adzrwdw_0FPiOBt91LN_1I2YEru0Zru1j5YkAE4F5DpsGdGpGu7_yAP6uguL0wQ_2MNwQ-dcskSktVSKKXvTjlrYoabbHkI8WYFxlRgWlqx3NJr6WIGJT0-R-ELuGTWlouLEZGVPOmeGGgRnzILYtk67N2w9noiV290L_0-2i4dAmxj2Ji3yBE2zy24jrNG3cV7NrmvMVOUlo_sQ73b8aoXkz9xNpPO-MSFc4nhhCU15kVCidHQbPDm27wVDhw6FzfOg9a4V3sOoktu18ub1N9S8b18SukEd-Vb1CVpaR80LVGeEylSVBEkTQJzQ5IRgKClgFFfIjykWhBNPzRDq7QJKHew0-yyRDjncnkOc9xV0epoCef51Cnatqlfa0HIoqadVmKxE5RgZca7Mr7AGg56x32ppAjvxptU3LaUU7KaITnOo_qHiEFCu9MtiMlKa2SOZJLhGfNJVL5GLocwlcKN2P1BXyy0Qg4YWsSCn--nT-hsQiBU3ZaL4iEqEoH9RMpik0WbDmnhPS8VTd4mCCkJvO9rUkMS6NptBE5PiYNcVt8vcCdPjma1qMDJ5KjURWcjZ9wqrCvbTCCpBUVaEaf5_jn06KvWH2VNJSBpGUd6MB1uI9RhAIL9UFbTTEV_njMSjvCh1a4PojQPumbkyRL28OyHbDy4nICoyVyaF3kpNreg8kFfegfsjYGPOaEYXp2Ao29feCgVoLNTvE1AVuUmNqW7bhWpFrhEBjw2IOt5CeM9eN1ubtkqg29bqu6xIL3AnFbkgNrXQi4pS7fsTZrBy3Io_1gy7ksbpHAx4rtXdTHgcxcwwbpugdnbrGlJrcsGzPimIec4dunVq3qbdt4dYZtL9bLE4SkfIScnLGa9bUmd1vcVCsFIU23DeqVWqLxf9-Q_oxU2AzyoximotFPqBHY-MxXXqsH9Cnx-odkdgwqyjwLYgj34isKXbBLObY1ofc4FPPZD72BT7AttcHkbh1Bv1IfCPvoUQKcQr3kMpC183dr31HKMrbYvHH5lC8xh0-BUlyoVIdfMiga8AdmFa4E6egKoHPTGtUrZgodJzWrNIbNa1LoSbkrBI0I59rZAUYwHXLDWT5T4hL61vi8nFdH-tHdX6s3hGXTf0PMB6R8YcG7piO4Qa4CUSWFRnM9-0QXAqms6X22cO43DqDflxe10WRrggvsV3R5WeJm3q5-8W_NjIvSybIPfJrDCnsc-XnGkgBuuONUAIYn3SBUUuQmhJNW2p92qmjFieldMDmVLGmiJaCC1antfonxKS9KybHbfuoQ--a8UqnNeIkaLqW61Np25siDzMN19EtuGlRI2RxbNhT37LDCFzsxNfmm-jFzcOo6kil9WKW6ONSBbIzwEdasmTeD5MjlcjlXORzrHu1muE2jLxS10A1OPA3H8TDA_-eYnjg31cMDvyPFnKuyeOcVrOj5o6jeTz4yfKnrhuGruVPvNAKQjP4_fHNh7vt5uPtWyu_PS6DFx-pd__uAvJzny5fXHrYOV3VN9y-ND_efnrz9vbicvqC_rp4_lt9nk9fnluflzepGaoP3c1HN-k5NmAiFi0zaWDpaEvbMx2JvCrlvjkW3UaKb8sxnSir7kLjtlYVUZBzzbghQ7_RqunFDl2za3Unslz8YGmkE6Q9h-hazrluLo_0X_NYQMqHseYONMNwG-rGETfQDYLOMs2h2jRSGkE6ey5KxPwCqd9InUBazPVazV5SdjdSloDbLTblOjCGmuahdVZh1U5BAz6yYYnUncVsJOYQ0zqt5k1uj5XNrdVQtL64GkrXtyx9qdU5-4pu8tXq-Xoqx7ptrlp7uGptdtXa5Wp3-zUUrS_AhtJNrtqdq2c6e0aa4ZJyCZhVC23X9NJD221u2323YcNHNnps7_K4uzwbitb3Z0PpJo-dzuMMlMJEG-kefH4hl02RWQKJgMiYaJU-XMLqc-g8H723zX-n73-GHolHq-5sxsDZhUF7Bj0StRiMpWsMqoTmd3OcfOvevkcdQjlbavGNHrCpxfoYrATKEs27ZI0m1g9WcuNSZnPKscNWakZ5JnKMdVrkkxyqo0puVak6ukVS8XWfa2hEV7WNWj1FJv6v3MGzPMuyJr6J9MmyN3AHbxt3OPl4dZmeeO8uzt4Hub989uE0P760smcnlOWvlh-i4_DyV-uq9m_q317a7z_Z98Wni9JZfLmsLq6SV8zfjzusb4vUt7GHMilCsTli3-vWkGHIIUcw7vSdP19_g6TiTh_xZkWNbUNDx7MmoFtqniEtYjQlOsublrcl7DJHho9NZUKjFDANJCcCu8lGyVJZ6YRofiT6Uj-RKe-NgKSFd8fPGFuyLrEEEIq9AwAHPiHXiSgKnVG0LHWsty8tRZrqgpRRjoVphVMu8e1C5hxyBu2lJnoly-Y_eSC7xuUv9SN-iKgCmIaaIIid3yJvPqgLXAMGdC78aEeVD6Rpvaa7WZO3gzUNdX8Ba3qf0Kq5p9DVsp1fvhhvIn0O9Y3RSGBSTdh2asUSYHeR_AJqC7Xa_1N7x_2WsNfiUdB_I6_zRqJv53XNcnyuaRNLZLwOfX53ra8G0I0lgpKvWiebRVziy02CNTkz-R4SmNdZBOVfQwD9P08AdTPcpP8SxCKpxqjYj1DRBYUWRSm_NC92730PL9yAxHcTw-BPE8P3SXOeOMpWoikCgnJoh6-64nloT7eyxxaiZTPUqrukbIouVva_AXUMv4k69qXuA0p5uxk196vroqu3JnqPLEJXBoSLIF43IoMxVm4Pq-5-Va0hy3VooaDNNiZrrB84LPIXfcswws_dip_bxw_3FBhpN0Ln7oLObf4fw0jUQueNpFtYd16n6ZBs9tnlVzrZ8siv5OTHOpPynNAPwklgua4Vur__579IDt0l:1qg6v0:rjjb3jlVVOS54iu3U9NR0_CzIqvxPjgAjFIcWlyIFeo", "expire_date": "2023-09-26T17:11:18.714Z"}}, {"model": "sessions.session", "pk": "dnt0mmrkstp0va183dq10i6pr9gbisd0", "fields": {"session_data": ".eJxVjMEOwiAQBf-FsyGAsJQevfsNhIWtRQ2Y0iYa47_bJj3o9c28eTMflnn0S6PJ58R6Jtnhd8MQb1Q2kK6hXCqPtcxTRr4pfKeNn2ui-2l3_wJjaOP6Nkl2OJAhS0ADojQ6JRXBai2OaBxYpZUli50DRUqDjTC4lXUJdQC9RRu1lmvx9Hzk6cV6qYQDIT5fCZg__A:1qfRCJ:hVr2UGCS7E5SWfppUfoBRqXmPoOoNuFQzFVanwL_pSI", "expire_date": "2023-09-24T20:38:23.562Z"}}, {"model": "sessions.session", "pk": "lc8yaajjl2aai2dy8p3k8hk2kvusyrt3", "fields": {"session_data": ".eJxtk11v2jAUhv9LLrgxRMT5gkq5gEEFXUk_xtZN0xTZ8YG4TeLUdhpQtf--UDLhaLuz3sd2nhO9frcSUussqRXIhDPrynKsoZlRkr5AeQLsmZR7Yaei1JJT-7TF7qiyN4JBPu_29i7IiMra0z5zJnQHPoQQwI5Sx_cYw2kQet7Ypf40CLGHQwjpZBpgwF4QpsFu2rIJox4JvNOlCpTiokzgUHF5tK7GQ6she014PqokvHFoRq519dNKldwVnLEcGiJBi1Yqkm_Xy_jYPL9u6pvXStznW-xA87DR8cGTlMDiEISfqnnszHFMXyt4mt2sHxbP34qX0J2l_tOghIOOBprrHKKVKGCQEinaCfPR9m47u02u7x43XyL3Eq_j9Xb9P7BZx0n8ddMBxwCz7wbwL2A8On83FmU7qdhxbTJV0-TMf4gapaREqq4qITWqFdIC7aVoUCEkmId4QfYQ4V7ETJnx6O5xsXzsR4vl7XK7jC6R05mt6oKUXB9NcvG6z4EoQBryHB1FLdFO8lNtEKGi1uiUNEAV12CePyu6vYiZyk6n2Iv-UcSdIgVE0GdeMrQCIrW5wTBt_-65ZSRHaUZkOxPSGRSAaDsCQ6JEcyG00pJUyLexjc2LzspOL2LmCLhT7kV_lVVe76Ps1C0FohNql0SmWcJApZJXujVrs0w0CS-TAspaRaIcpKJo11r1uji-xP0uGqDfRRP0ujjYiyTnb5CQ9g18PL-PpTV0gqnnTp3Qn9jY8313gn_9_gMtuHv2:1qfUhK:7ZgJPPntAFK0j2zSn8EM5IsLt8CRLQ5XurMhnQPE3Ok", "expire_date": "2023-09-25T00:22:38.245Z"}}, {"model": "sessions.session", "pk": "v3gcanrk69z1b7ck0dpkicxv1s1bocfr", "fields": {"session_data": ".eJxVjEEOwiAQRe_C2pAWYWi7dO8ZCMNMLWrAQJtojHe3TbrQ7X_vv7dwfpknt1QuLpIYRCsOvxv6cOO0Abr6dMky5DSXiHJT5E6rPGfi-2l3_wKTr9P6NtR2OLJhy8AjYms0kQpgtW6OaHqwSivLFrseFCsNNsDYr6wj1B70Fq1ca8zJ8fMRy0sMzecLjkE-yg:1qf2a6:T94xOYX6ktGJCNdHI9i-z7Z50I9z1oICxjiIFG52D6g", "expire_date": "2023-09-23T18:21:18.602Z"}}, {"model": "sessions.session", "pk": "v48bazmtpgn6n5e6yw0zjg0dbve5kxn7", "fields": {"session_data": ".eJxVjEEOwiAQRe_C2pAWYWi7dO8ZCMNMLWrAQJtojHe3TbrQ7X_vv7dwfpknt1QuLpIYRCsOvxv6cOO0Abr6dMky5DSXiHJT5E6rPGfi-2l3_wKTr9P6NtR2OLJhy8AjYms0kQpgtW6OaHqwSivLFrseFCsNNsDYr6wj1B70Fq1ca8zJ8fMRy0sMzecLjkE-yg:1qfYvb:uhfrvdgDf4msM9gvhGR7kkMHVHcftNBmU57zlE6EcMI", "expire_date": "2023-09-25T04:53:39.126Z"}}, {"model": "sessions.session", "pk": "ysb0xbmwcm8nsov7pu36huu3oz62614f", "fields": {"session_data": ".eJxVjMEOwiAQBf-FsyGAsJQevfsNhIWtRQ2Y0iYa47_bJj3o9c28eTMflnn0S6PJ58R6Jtnhd8MQb1Q2kK6hXCqPtcxTRr4pfKeNn2ui-2l3_wJjaOP6Nkl2OJAhS0ADojQ6JRXBai2OaBxYpZUli50DRUqDjTC4lXUJdQC9RRu1lmvx9Hzk6cV6qYQDIT5fCZg__A:1qfR4G:ofj6nV9zyazfLUIao3h1cxD4jxyv1ssTT8NoEwX8iT4", "expire_date": "2023-09-24T20:30:04.952Z"}}]